"","Var1","Freq"
"1"," ALBANY ST ",0
"2"," COMMONWEALTH AVE ",0
"3"," MASSACHUSETTS AVE ",0
"4","132 BROOK AVE",0
"5","13TH ST",0
"6","16TH ST",0
"7","1ST AV",0
"8","2ND AV",0
"9","3RD AV",0
"10","3RD ST",0
"11","4TH AV",1
"12","4TH ST",0
"13","5TH AV",0
"14","5TH ST",0
"15","61 HILLSIDE ST",0
"16","6TH ST",0
"17","7TH ST",0
"18","8TH ST",0
"19","98 WOODLEDGE ST",0
"20","9ST ST",0
"21","9TH ST",0
"22","A ST",0
"23","ABBOT ST",0
"24","ABBOTSFORD ST",0
"25","ABBOTTSFORD ST",0
"26","ABERDEEN ST",0
"27","ACADEMY CT",0
"28","ACADEMY HILL RD",15
"29","ACADEMY RD",0
"30","ACADEMY TER",0
"31","ACADEMY TR",0
"32","ACADIA ST",0
"33","ACKLEY PL",0
"34","ACORN ST",0
"35","ADAIR RD",1
"36","ADAMS PL",0
"37","ADAMS ST",0
"38","ADAMS TR",0
"39","ADAMSON ST",19
"40","ADDINGTON RD",0
"41","ADDISON ST",0
"42","ADELAIDE ST",0
"43","ADELLA PL",0
"44","ADIRONDACK PL",0
"45","ADRIAN ST",0
"46","AGASSIZ PARK",0
"47","AGASSIZ RD",0
"48","AGAWAM ST",0
"49","AGUADILLA ST",0
"50","AINSLEY ST",0
"51","AINSWORTH ST",0
"52","AIRPORT RD",0
"53","AKRON PL",0
"54","AKRON ST",0
"55","ALABAMA ST",0
"56","ALAMEDA RD",0
"57","ALASKA ST",0
"58","ALBAN ST",0
"59","ALBANO ST",0
"60","ALBANY ST",0
"61","ALBEMARLE CT",0
"62","ALBEMARLE ST",0
"63","ALBERT ST",0
"64","ALBERTA ST",0
"65","ALBION PL",0
"66","ALBION ST",0
"67","ALCORN ST",3
"68","ALCOTT ST",7
"69","ALDER ST",1
"70","ALDIE ST",16
"71","ALDO TR",0
"72","ALDRICH ST",0
"73","ALDWIN RD",0
"74","ALDWORTH ST",0
"75","ALEXANDER ST",0
"76","ALFORD ST",0
"77","ALFRED ST",0
"78","ALGER ST",0
"79","ALGONQUIN ST",0
"80","ALICIA RD",0
"81","ALLANDALE ST",0
"82","ALLEGHANY ST",0
"83","ALLEN RD",1
"84","ALLEN ST",0
"85","ALLENWOOD ST",0
"86","ALLERTON ST",0
"87","ALLSTATE RD",0
"88","ALLSTON ST",94
"89","ALMONT ST",0
"90","ALPHA RD",0
"91","ALPHEUS RD",0
"92","ALPINE PL",0
"93","ALPINE ST",0
"94","ALTACREST RD",0
"95","ALTHEA ST",0
"96","ALVAN TER",0
"97","ALVAN TR",0
"98","ALVARADO AV",0
"99","ALVESTON ST",0
"100","ALVESTON TR",0
"101","ALWARD RD",0
"102","ALWIN ST",0
"103","AMBOY ST",1
"104","AMBROSE ST",0
"105","AMERICAN LEGION HWY",0
"106","AMERICAN LEGION HY",0
"107","AMES ST",0
"108","AMES WAY",0
"109","AMES WY",0
"110","AMESBURY ST",0
"111","AMHERST ST",0
"112","AMORY AV",0
"113","AMORY AVE",0
"114","AMORY ST",1
"115","AMORY TR",0
"116","AMY CT",0
"117","ANAWAN AV",0
"118","ANAWAN TER",0
"119","ANCHOR WY",0
"120","ANDERER LA",0
"121","ANDERER LN",0
"122","ANDERSON PL",0
"123","ANDERSON ST",0
"124","ANDREW SQUARE",0
"125","ANDRIA RD",0
"126","ANGELL RD",0
"127","ANGELL ST",0
"128","ANITA TR",0
"129","ANNABEL ST",0
"130","ANNAFRAN ST",0
"131","ANNAPOLIS ST",0
"132","ANNAVOY ST",0
"133","ANNUNCIATION RD",0
"134","ANSEL RD",0
"135","ANSELL RD",0
"136","ANSON ST",0
"137","ANSONIA RD",0
"138","ANTHONY RIP VALENTI WAY",0
"139","ANTRIM ST",0
"140","ANTWERP ST",17
"141","APPIAN WY",3
"142","APPLETON ST",0
"143","ARAMON ST",0
"144","ARBELLA RD",0
"145","ARBORCREST TR",0
"146","ARBORETUM RD",0
"147","ARBORFIELD RD",0
"148","ARBOROUGH RD",0
"149","ARBORVIEW RD",0
"150","ARBORWAY",0
"151","ARBORWAY CT",0
"152","ARBROTH ST",0
"153","ARBUTUS ST",0
"154","ARCADIA PARK",0
"155","ARCADIA ST",0
"156","ARCADIA TR",0
"157","ARCH ST",0
"158","ARCHDALE RD",0
"159","ARCHWAY",0
"160","ARCOLA ST",0
"161","ARDALE ST",0
"162","ARDEN ST",3
"163","ARDENT ST",0
"164","ARDMORE RD",0
"165","ARGUS PL",0
"166","ARGYLE ST",0
"167","ARGYLE TR",0
"168","ARION ST",0
"169","ARKLOW ST",0
"170","ARLINGTON AV",0
"171","ARLINGTON ST",37
"172","ARMANDINE ST",0
"173","ARMINGTON ST",17
"174","ARMORY ST",0
"175","ARMSTRONG ST",0
"176","ARNOLD ST",0
"177","ARTHUR ST",1
"178","ARUNDEL ST",0
"179","ARVALE RD",0
"180","ASCOT ST",2
"181","ASH ST",0
"182","ASHBURTON PL",0
"183","ASHCROFT ST",0
"184","ASHEVILLE RD",0
"185","ASHFIELD ST",0
"186","ASHFORD CT",5
"187","ASHFORD ST",73
"188","ASHFORD TR",0
"189","ASHLAND AV",0
"190","ASHLAND ST",0
"191","ASHLEY ST",0
"192","ASHMONT CT",0
"193","ASHMONT PARK",0
"194","ASHMONT ST",0
"195","ASHTON ST",0
"196","ASPEN ST",0
"197","ASPINWALL RD",0
"198","ASTICOU RD",0
"199","ASTORIA ST",0
"200","ATHELWOLD ST",0
"201","ATHENS ST",0
"202","ATHERSTONE ST",0
"203","ATHERTON AV",0
"204","ATHERTON PL",0
"205","ATHERTON ST",0
"206","ATHOL ST",8
"207","ATKINS ST",6
"208","ATKINSON ST",0
"209","ATLANTIC AV",0
"210","ATLANTIC AVE",0
"211","ATLANTIC ST",0
"212","ATWILL RD",0
"213","ATWOOD SQ",0
"214","AUBURN ST",0
"215","AUCKLAND ST",0
"216","AUGUSTUS AV",0
"217","AUGUSTUS AVE",0
"218","AURIGA ST",0
"219","AUSTIN ST",0
"220","AUTUMN ST",0
"221","AV DE LAFAYETTE",0
"222","AVALON RD",0
"223","AVE DE LAFAYETTE",0
"224","AVENUE DE LAFAYETTE",0
"225","AVENUE LOUIS PASTEUR",0
"226","AVERTON ST",0
"227","AVERY PL",0
"228","AVERY ST",0
"229","AVILA RD",0
"230","AVON PL",0
"231","AVON ST",1
"232","AVONDALE ST",0
"233","AYLES RD",0
"234","AYR RD",2
"235","B ST",0
"236","BABCOCK ST",16
"237","BABE RUTH DR",0
"238","BABSON ST",0
"239","BACK ST",0
"240","BADGER RD",0
"241","BAGNAL ST",2
"242","BAILEY ST",0
"243","BAIRD ST",0
"244","BAKER AV",0
"245","BAKER AVE",0
"246","BAKER CT",0
"247","BAKER PL",0
"248","BAKER ST",0
"249","BAKERS AL",0
"250","BAKERS CT",0
"251","BAKERSFIELD ST",0
"252","BALDWIN PL",0
"253","BALDWIN ST",0
"254","BALFOUR ST",0
"255","BALL ST",0
"256","BALLARD ST",0
"257","BALLOU AV",0
"258","BALLOU AVE",0
"259","BALLOU PL",0
"260","BALMORAL PARK",0
"261","BALSAM ST",0
"262","BANCROFT ST",0
"263","BANFIELD AV",0
"264","BANGOR RD",0
"265","BANTON ST",0
"266","BANTRY WY",0
"267","BARBARA ST",0
"268","BARD AV",0
"269","BARDWELL ST",0
"270","BARKER ST",1
"271","BARLOW ST",0
"272","BARNA RD",0
"273","BARNES AV",0
"274","BARNES AVE",0
"275","BARRINGTON RD",0
"276","BARROW ST",1
"277","BARROWS ST",7
"278","BARRY PARK",0
"279","BARRY ST",0
"280","BARSTOW ST",1
"281","BARTLETT AV",0
"282","BARTLETT PL",0
"283","BARTLETT SQ",0
"284","BARTLETT ST",0
"285","BASILE ST",0
"286","BASTO TR",0
"287","BATCHELDER ST",0
"288","BATEMAN ST",0
"289","BATESWELL RD",0
"290","BATTERY",0
"291","BATTERY ST",0
"292","BATTERY WF",0
"293","BATTERYMARCH ST",0
"294","BAXTER ST",0
"295","BAY ST",0
"296","BAY STATE PL",0
"297","BAY STATE RD",0
"298","BAYARD ST",3
"299","BAYSIDE ST",0
"300","BAYSWATER ST",0
"301","BEACH POINT PL",0
"302","BEACH ST",0
"303","BEACHAM ST",0
"304","BEACHVIEW RD",0
"305","BEACON ST",71
"306","BEALE ST",0
"307","BEARSE AV",0
"308","BEARSE AVE",0
"309","BEATTY CR",0
"310","BEAUFORD LA",0
"311","BEAUFORT RD",0
"312","BEAUMONT ST",0
"313","BEAVER PL",0
"314","BEAVER ST",0
"315","BECKET ST",0
"316","BECKLER AV",0
"317","BEDFORD ST",0
"318","BEECH GLEN ST",0
"319","BEECH ST",0
"320","BEECHCROFT ST",28
"321","BEECHER ST",0
"322","BEECHLAND CIR",0
"323","BEECHLAND ST",0
"324","BEECHMONT ST",0
"325","BEECHMONT TR",0
"326","BEECHWOOD ST",0
"327","BEETHOVEN ST",0
"328","BELAIR ST",0
"329","BELDEN SQ",0
"330","BELDEN ST",0
"331","BELFORT ST",0
"332","BELGRADE AV",0
"333","BELGRADE AVE",0
"334","BELGRAVIA PL",0
"335","BELL CT",0
"336","BELLAIRE RD",0
"337","BELLAMY ST",5
"338","BELLE AV",0
"339","BELLEVUE HILL RD",0
"340","BELLEVUE ST",0
"341","BELLFLOWER ST",0
"342","BELLINGHAM PL",0
"343","BELLVISTA RD",11
"344","BELMONT ST",0
"345","BELMORE TR",0
"346","BELNAP RD",0
"347","BELNEL RD",0
"348","BELTON ST",0
"349","BELVIDERE ST",0
"350","BENNET ST",7
"351","BENNETT ST",5
"352","BENNINGTON",0
"353","BENNINGTON ST",0
"354","BENSON ST",2
"355","BENT CT",0
"356","BENTHAM RD",0
"357","BENTLEY ST",2
"358","BENTON ST",0
"359","BERAM AV",0
"360","BERKELEY ST",0
"361","BERKSHIRE ST",0
"362","BERNARD ST",0
"363","BERTRAM ST",0
"364","BERTSON AV",0
"365","BERWICK ST",0
"366","BERYL ST",0
"367","BETHUNE ST",0
"368","BETHUNE WAY",0
"369","BETHUNE WY",0
"370","BEVERLY ST",0
"371","BEXLEY RD",0
"372","BI HOSP",0
"373","BICKFORD AV",0
"374","BICKFORD ST",0
"375","BICKNELL ST",0
"376","BIGELOW ST",15
"377","BILLINGS ST",0
"378","BILODEAU RD",0
"379","BILTMORE ST",0
"380","BINFORD ST",0
"381","BINNEY ST",0
"382","BIRCH RD",0
"383","BIRCH ST",0
"384","BIRCHCROFT RD",0
"385","BIRCHWOOD ST",0
"386","BIRD ST",0
"387","BIRMINGHAM PY",10
"388","BISHOP JOE L SMITH WAY",0
"389","BISHOP JOE L. SMITH WAY",0
"390","BISHOP ST",0
"391","BISMARCK ST",0
"392","BISPHAM ST",0
"393","BLACK FALCON AV",0
"394","BLACKFAN CR",0
"395","BLACKFAN ST",0
"396","BLACKINTON ST",0
"397","BLACKSTONE ST",0
"398","BLACKWELL ST",0
"399","BLACKWOOD ST",0
"400","BLAGDEN ST",0
"401","BLAINE ST",3
"402","BLAKE ST",0
"403","BLAKEMORE ST",0
"404","BLAKEVILLE ST",0
"405","BLANCHE ST",0
"406","BLANDFORD ST",0
"407","BLANVON RD",0
"408","BLENFORD RD",1
"409","BLOOMFIELD ST",0
"410","BLOOMINGTON ST",0
"411","BLOSSOM CT",0
"412","BLOSSOM ST",0
"413","BLUE HILL AV",0
"414","BLUE HILL AVE",0
"415","BLUE HILLS PARKY",0
"416","BLUE JAY CIRCLE",0
"417","BLUE LEDGE DR",0
"418","BLUE LEDGE TER",0
"419","BLUE LEDGE TR",0
"420","BLUEFIELD TR",0
"421","BLUEVIEW CR",0
"422","BLUEVIEW RD",0
"423","BOARDMAN ST",0
"424","BODWELL ST",0
"425","BOGANDALE RD",0
"426","BOLSTER ST",0
"427","BOLTON ST",0
"428","BONAIR ST",0
"429","BOND ST",0
"430","BORDER ST",0
"431","BOSTON FISH PIER",0
"432","BOSTON HARBOR",0
"433","BOSTON HARBOR - A1",0
"434","BOSTON HARBOR - A15",0
"435","BOSTON HARBOR - A7",0
"436","BOSTON HARBOR - C11",0
"437","BOSTON HARBOR - C6",0
"438","BOSTON HARBOR - OUTER",0
"439","BOSTON MEDICAL CENTER PL",0
"440","BOSTON PL",0
"441","BOSTON ST",0
"442","BOSTON WHARF RD",0
"443","BOSTONIA AV",1
"444","BOSWORTH ST",0
"445","BOTHWELL RD",8
"446","BOULEVARD TR",4
"447","BOUNDARY RD",0
"448","BOURNE ST",0
"449","BOURNEDALE RD",0
"450","BOURNESIDE ST",0
"451","BOUTWELL ST",0
"452","BOW ST",0
"453","BOWDION",0
"454","BOWDITCH CT",0
"455","BOWDOIN AV",0
"456","BOWDOIN AVE",0
"457","BOWDOIN PARK",0
"458","BOWDOIN SQ",0
"459","BOWDOIN ST",0
"460","BOWEN ST",0
"461","BOWER ST",0
"462","BOWER TR",0
"463","BOWKER INTERCHANGE",0
"464","BOWKER ST",0
"465","BOWMAN ST",0
"466","BOYD ST",0
"467","BOYDEN ST",0
"468","BOYLE ST",0
"469","BOYLSTON PL",0
"470","BOYLSTON SQ",0
"471","BOYLSTON ST",0
"472","BOYNTON ST",0
"473","BRACKETT ST",10
"474","BRADBURY ST",7
"475","BRADDOCK PARK",0
"476","BRADEEN ST",0
"477","BRADFIELD AV",0
"478","BRADFORD CR",0
"479","BRADFORD RD",0
"480","BRADFORD ST",0
"481","BRADLEE CT",0
"482","BRADLEE LA",0
"483","BRADLEE ST",0
"484","BRADSHAW ST",0
"485","BRADSTON ST",0
"486","BRADSTREET AV",0
"487","BRADSTREET AVE",0
"488","BRADWOOD ST",0
"489","BRAEBURN RD",0
"490","BRAEMORE RD",8
"491","BRAGDON ST",0
"492","BRAHMS ST",0
"493","BRAINARD ST",0
"494","BRAINERD RD",57
"495","BRAINTREE ST",21
"496","BRANCH ST",0
"497","BRANCHFIELD ST",0
"498","BRANDYWYNE DR",0
"499","BRANNON HARRIS WY",0
"500","BRANNON-HARRIS WAY",0
"501","BRANTON ST",0
"502","BRAY ST",0
"503","BRAYTON RD",8
"504","BRECK AV",6
"505","BRECK AVE",0
"506","BREED ST",0
"507","BREMEN PL",0
"508","BREMEN ST",0
"509","BREMEN TR",0
"510","BRENT ST",0
"511","BRENTON ST",0
"512","BRENTWOOD ST",4
"513","BREWER ST",0
"514","BREWSTER ST",0
"515","BRIARCLIFF TER",0
"516","BRIARCLIFF TR",0
"517","BRIER RD",0
"518","BRIGHAM ST",0
"519","BRIGHTON",0
"520","BRIGHTON AV",327
"521","BRIGHTON AVE",15
"522","BRIGHTON ST",3
"523","BRIMMER ST",0
"524","BRINSLEY ST",0
"525","BRINTON ST",0
"526","BROAD ST",0
"527","BROADLAWN PARK",0
"528","BROADWAY",0
"529","BROADWAY ST",0
"530","BROCK ST",1
"531","BROCKTON ST",0
"532","BROMFIELD ST",0
"533","BROMLEY ST",0
"534","BRONSDON ST",9
"535","BRONX RD",0
"536","BROOK AV",0
"537","BROOK AVE",0
"538","BROOK FARM RD",0
"539","BROOK MARSHALL RD",0
"540","BROOK ST",4
"541","BROOKDALE ST",0
"542","BROOKFIELD ST",0
"543","BROOKFORD ST",0
"544","BROOKLEDGE ST",0
"545","BROOKLEY RD",0
"546","BROOKLINE AV",0
"547","BROOKLINE AVE",0
"548","BROOKS ST",26
"549","BROOKSDALE RD",6
"550","BROOKSIDE AV",0
"551","BROOKSIDE AVE",0
"552","BROOKSTONE ST",0
"553","BROOKVALE ST",0
"554","BROOKVIEW ST",0
"555","BROOKWAY",0
"556","BROOKWAY RD",0
"557","BROOKWAY TER",0
"558","BROOKWAY TR",0
"559","BROWN AV",0
"560","BROWN AVE",0
"561","BROWN TR",0
"562","BROWNING AV",0
"563","BROWNING AVE",0
"564","BROWNSON TR",0
"565","BRUCE ST",0
"566","BRUCEWOOD ST",0
"567","BRUNSWICK ST",0
"568","BRUSH HILL TR",0
"569","BRYANT RD",0
"570","BRYON RD",0
"571","BUCHANAN RD",0
"572","BUCKINGHAM ST",0
"573","BUCKLEY AV",0
"574","BUCKLEY AVE",0
"575","BUCKNAM ST",0
"576","BUICK ST",1
"577","BULFINCH PL",0
"578","BULLARD ST",0
"579","BULLOCK ST",0
"580","BUNKER HILL CT",0
"581","BUNKER HILL IND PARK",0
"582","BUNKER HILL ST",0
"583","BUNKER ST",0
"584","BURARD ST",0
"585","BURBANK ST",0
"586","BURGESS ST",0
"587","BURGOYNE ST",0
"588","BURKE ST",0
"589","BURLEY ST",0
"590","BURLINGTON AV",0
"591","BURMAH ST",0
"592","BURNETT ST",0
"593","BURNEY ST",0
"594","BURR ST",0
"595","BURRAGE ST",0
"596","BURRELL ST",0
"597","BURRILL PL",0
"598","BURROUGHS ST",0
"599","BURRWOOD RD",0
"600","BURT ST",0
"601","BURTON AV",0
"602","BURTON ST",8
"603","BUSHNELL ST",0
"604","BUSINESS ST",0
"605","BUSINESS TR",0
"606","BUSSEY PL",0
"607","BUSSEY ST",0
"608","BUSWELL ST",0
"609","BUTLER SQ",0
"610","BUTLER ST",0
"611","BUTTONWOOD CT",0
"612","BUTTONWOOD ST",0
"613","BYNNER ST",0
"614","BYRD AV",0
"615","BYRD AVE",0
"616","BYRON ST",0
"617","C ST",0
"618","CABOT PL",0
"619","CABOT ST",0
"620","CADDY RD",0
"621","CAHNERS PL",0
"622","CALDER ST",0
"623","CALDWELL ST",0
"624","CALEDONIAN AV",0
"625","CALL ST",0
"626","CALLENDER ST",0
"627","CALTHA RD",0
"628","CALUMET ST",0
"629","CAMBRIA ST",1
"630","CAMBRIDGE ST",260
"631","CAMBRIDGE STREET AV",0
"632","CAMBRIDGE TR",9
"633","CAMDEN ST",0
"634","CAMELOT CT",10
"635","CAMERON ST",0
"636","CAMP HARBOR VIEW",0
"637","CANAAN ST",0
"638","CANAL ST",0
"639","CANDOR PL",0
"640","CANTERBURY ST",0
"641","CAPEN ST",0
"642","CAPITAL ST",0
"643","CARDINGTON ST",0
"644","CARLETON ST",0
"645","CARLFORD RD",0
"646","CARLISLE ST",0
"647","CARLOS ST",0
"648","CARLOTTA ST",0
"649","CARMEL ST",0
"650","CARMELA LA",0
"651","CARMEN ST",0
"652","CARMODY CT",0
"653","CARNEY CT",0
"654","CAROL AV",16
"655","CAROL AVE",3
"656","CAROL CIR",0
"657","CAROL CR",0
"658","CAROLINA AV",0
"659","CAROLINA AVE",0
"660","CAROLINA PL",0
"661","CARPENTER ST",0
"662","CARROLL ST",0
"663","CARROLTON RD",0
"664","CARRUTH ST",0
"665","CARSON ST",0
"666","CARTER ST",0
"667","CARVER ST",0
"668","CARYLL ST",0
"669","CASPAR ST",0
"670","CASPIAN WY",0
"671","CASS BL",0
"672","CASS ST",0
"673","CASTLE CT",0
"674","CASTLE ISLAND",0
"675","CASTLE ROCK ST",0
"676","CASTLEGATE RD",0
"677","CASTLETON ST",0
"678","CATAWBA ST",0
"679","CATBIRD COURT",0
"680","CATBIRD CT",0
"681","CATENACCIA WY",0
"682","CATHERINE ST",0
"683","CATON ST",0
"684","CAUSEWAY",0
"685","CAUSEWAY ST",0
"686","CAWFIELD ST",0
"687","CAZENOVE ST",0
"688","CEDAR GROVE ST",0
"689","CEDAR LANE WY",0
"690","CEDAR PARK",0
"691","CEDAR ST",0
"692","CEDARCREST CR",0
"693","CEDARCREST RD",0
"694","CEDARCREST TR",0
"695","CEDARWOOD RD",0
"696","CEDRIC ST",0
"697","CEDRUS AV",0
"698","CELIA RD",0
"699","CEMETERY RD",0
"700","CENTER PLZ",0
"701","CENTER PZ",0
"702","CENTERVALE PARK",0
"703","CENTOLA ST",1
"704","CENTRAL AV",0
"705","CENTRAL AVE",0
"706","CENTRAL SQ",0
"707","CENTRAL ST",0
"708","CENTRAL WF",0
"709","CENTRAL WHARF",0
"710","CENTRE AV",0
"711","CENTRE AVE",0
"712","CENTRE CT",0
"713","CENTRE LA",0
"714","CENTRE PL",0
"715","CENTRE PZ",0
"716","CENTRE ST",0
"717","CENTRE STREET TR",0
"718","CENTRE TR",0
"719","CERDAN AV",0
"720","CERINA RD",0
"721","CEYLON ST",0
"722","CHAMBERLAIN ST",0
"723","CHAMBLET ST",0
"724","CHAMPLAIN CR",0
"725","CHAMPNEY PL",0
"726","CHAMPNEY ST",9
"727","CHANDLER ST",0
"728","CHANNEL CENTER ST",0
"729","CHANNEL ST",0
"730","CHAPEL RD",0
"731","CHAPIN AV",0
"732","CHAPPIE ST",0
"733","CHARLAME PL",0
"734","CHARLAME ST",0
"735","CHARLEMONT ST",0
"736","CHARLES",0
"737","CHARLES PARK RD",0
"738","CHARLES RD",0
"739","CHARLES RIVER",0
"740","CHARLES RIVER AV",0
"741","CHARLES RIVER PZ",0
"742","CHARLES RIVER SQ",0
"743","CHARLES ST",0
"744","CHARLES ST S",0
"745","CHARLES STREET PL",0
"746","CHARLESGATE",0
"747","CHARLESGATE W",0
"748","CHARLESVIEW ST",1
"749","CHARLOTTE ST",0
"750","CHARME AV",0
"751","CHARTER ST",0
"752","CHASE ST",0
"753","CHATHAM ROW",0
"754","CHATHAM ST",0
"755","CHAUCER ST",0
"756","CHAUNCY ST",0
"757","CHEEVER CT",0
"758","CHELLMAN ST",0
"759","CHELMSFORD ST",0
"760","CHELSEA CT",0
"761","CHELSEA ST",0
"762","CHELSEA TR",0
"763","CHENEY ST",0
"764","CHERITON RD",0
"765","CHEROKEE ST",0
"766","CHERYL LA",0
"767","CHERYL LN",0
"768","CHESBROUGH RD",0
"769","CHESHIRE ST",0
"770","CHESTER ST",70
"771","CHESTERFIELD ST",0
"772","CHESTERTON ST",0
"773","CHESTNUT AV",0
"774","CHESTNUT AVE",0
"775","CHESTNUT HILL AV",80
"776","CHESTNUT HILL AVE",2
"777","CHESTNUT HILL DY",1
"778","CHESTNUT PL",0
"779","CHESTNUT RD",0
"780","CHESTNUT SQ",0
"781","CHESTNUT ST",0
"782","CHESTNUT TR",0
"783","CHEVERUS RD",0
"784","CHICKATAWBUT ST",0
"785","CHILCOTT PL",0
"786","CHILD ST",0
"787","CHILDREN'S",0
"788","CHILDRENS RD",0
"789","CHILTON RD",0
"790","CHIPMAN ST",0
"791","CHISHOLM LN",0
"792","CHISHOLM RD",0
"793","CHISHOLM TR",0
"794","CHISWICK RD",33
"795","CHISWICK TR",1
"796","CHITTICK RD",0
"797","CHRISTOPHER ST",0
"798","CHURCH ST",0
"799","CIRCUIT DR",0
"800","CIRCUIT SQ",0
"801","CIRCUIT ST",0
"802","CIRCUIT TR",0
"803","CITY HALL",0
"804","CITY HALL AV",0
"805","CITY HALL PLZ",0
"806","CITY HALL PZ",0
"807","CITY HALL SQ",0
"808","CITY POINT CT",0
"809","CITY SQ",0
"810","CLANCY RD",0
"811","CLAPP ST",0
"812","CLARE AV",0
"813","CLARE AVE",0
"814","CLAREMONT PARK",0
"815","CLAREMONT ST",0
"816","CLARENCE ST",0
"817","CLARENDON PARK",0
"818","CLARENDON ST",0
"819","CLARIDGE TR",0
"820","CLARK ST",0
"821","CLARKSON ST",0
"822","CLARKWOOD ST",0
"823","CLARON ST",0
"824","CLAXTON ST",0
"825","CLAY ST",0
"826","CLAYBOURNE ST",0
"827","CLAYMONT TR",0
"828","CLAYMOSS RD",9
"829","CLAYTON",0
"830","CLAYTON ST",0
"831","CLEARWATER DR",0
"832","CLEARWAY ST",0
"833","CLEAVES ST",0
"834","CLEMATIS ST",0
"835","CLEMENT AV",0
"836","CLEMENT AVE",0
"837","CLEMENTINE PARK",0
"838","CLERMONT ST",0
"839","CLEVELAND PARK",0
"840","CLEVELAND PL",0
"841","CLEVELAND ST",0
"842","CLEVEMONT AV",3
"843","CLEVEMONT AVE",1
"844","CLIFFMONT ST",0
"845","CLIFFORD ST",0
"846","CLIFTON ST",0
"847","CLIFTONDALE ST",0
"848","CLINTON PL",0
"849","CLINTON ST",0
"850","CLIPPER SHIP LA",0
"851","CLIPPER SHIP LN",0
"852","CLIVE ST",0
"853","CLOVER ST",0
"854","COBDEN PARK",0
"855","COBDEN ST",0
"856","CODMAN HILL AV",0
"857","CODMAN PARK",0
"858","CODMAN ST",0
"859","COFFEY ST",0
"860","COHASSET ST",0
"861","COLBERG AV",0
"862","COLBERT ST",0
"863","COLBORNE RD",22
"864","COLBURN ST",1
"865","COLBY RD",0
"866","COLCHESTER ST",0
"867","COLEBROOK ST",0
"868","COLEMAN PL",0
"869","COLEMAN ST",0
"870","COLERAIN RD",1
"871","COLERIDGE ST",0
"872","COLEUS PARK",0
"873","COLGATE RD",0
"874","COLLINS ST",0
"875","COLLISTON RD",1
"876","COLMER",0
"877","COLONEL MICHAEL J. MCDONOUGH WAY",0
"878","COLONIAL AV",0
"879","COLONIAL AVE",0
"880","COLORADO ST",0
"881","COLUMBIA PARK",0
"882","COLUMBIA PL",0
"883","COLUMBIA RD",0
"884","COLUMBIA ST",0
"885","COLUMBIA TER",0
"886","COLUMBIA TR",0
"887","COLUMBUS AV",0
"888","COLUMBUS AVE",0
"889","COLUMBUS SQ",0
"890","COLWELL AV",0
"891","COMM",0
"892","COMMERCIAL",0
"893","COMMERCIAL CT",1
"894","COMMERCIAL ST",0
"895","COMMERCIAL WF",0
"896","COMMON ST",1
"897","COMMONWEALTH",0
"898","COMMONWEALTH AV",971
"899","COMMONWEALTH AVE",53
"900","COMMONWEALTH CT",7
"901","COMMONWEALTH TR",2
"902","COMO RD",0
"903","CONCORD AV",0
"904","CONCORD SQ",0
"905","CONCORD ST",0
"906","CONDOR ST",0
"907","CONGRESS",0
"908","CONGRESS ST",0
"909","CONGREVE ST",0
"910","CONISTON RD",0
"911","CONLEY ST",0
"912","CONRAD ST",0
"913","CONSTANCE RD",0
"914","CONSTELLATION WF",0
"915","CONSTITUTION PLAZA",0
"916","CONSTITUTION RD",0
"917","CONVERSE ST",2
"918","CONWAY ST",0
"919","COOK ST",0
"920","COOKSON TR",0
"921","COOLIDGE AV",0
"922","COOLIDGE RD",4
"923","COOPER ST",0
"924","COPELAND PARK",0
"925","COPELAND PL",0
"926","COPELAND ST",0
"927","COPENGER ST",0
"928","COPLEY PLACE",0
"929","COPLEY ST",0
"930","CORBET ST",0
"931","CORDIS ST",0
"932","CORDIS ST AV",0
"933","COREY AV",1
"934","COREY RD",43
"935","COREY ST",1
"936","CORINNE RD",2
"937","CORINTH ST",0
"938","CORMAN RD",0
"939","CORNAUBA ST",0
"940","CORNELIA CT",0
"941","CORNELIA ST",0
"942","CORNELIA WY",0
"943","CORNELL ST",0
"944","CORNHILL ST",0
"945","CORNWALL ST",0
"946","CORONA ST",0
"947","CORONADO RD",0
"948","CORTES ST",0
"949","CORWIN ST",0
"950","COSTELLO CIR",0
"951","COSTELLO CIRCLE",0
"952","COTTAGE CT",0
"953","COTTAGE RD",0
"954","COTTAGE ST",0
"955","COTTON ST",0
"956","COTUIT ST",0
"957","COUNTRYSIDE DR",0
"958","COURT SQ",0
"959","COURT ST",0
"960","COURTHOUSE WAY",0
"961","COURTHOUSE WY",0
"962","COURTLAND RD",0
"963","COURTNEY RD",0
"964","COVENTRY ST",0
"965","COVINGTON ST",0
"966","COWING ST",0
"967","COWPER ST",0
"968","CRAFT PL",0
"969","CRAGMERE TR",0
"970","CRANDALL ST",0
"971","CRANE ST",0
"972","CRANMORE RD",0
"973","CRANSTON ST",0
"974","CRAWFORD ST",0
"975","CREEK SQ",0
"976","CREHORE RD",0
"977","CREIGHTON ST",0
"978","CRESCENT AV",1
"979","CRESCENT AVE",0
"980","CRESCENT ST",0
"981","CREST ST",0
"982","CRESTHILL RD",2
"983","CRESTON PARK",0
"984","CRESTON ST",0
"985","CRESTWAY RD",0
"986","CRESTWOOD PARK",0
"987","CRICKET LA",0
"988","CRISPUS ATTUCKS PL",0
"989","CROCKERS LA",0
"990","CROCKETT AV",0
"991","CROFTLAND AV",0
"992","CROFTLAND AVE",0
"993","CROSS RD",0
"994","CROSS ST",0
"995","CROSSLAND PL",1
"996","CROSSMAN ST",0
"997","CROSSTOWN AV",0
"998","CROSSTOWN AVE",0
"999","CROWELL ST",0
"1000","CROWLEY ROGERS WAY",0
"1001","CROWLEY ROGERS WY",0
"1002","CROWLEY-ROGERS WAY",0
"1003","CROWN POINT DR",0
"1004","CRYSTAL PL",0
"1005","CUFFLIN ST",1
"1006","CULBERT ST",0
"1007","CUMBERLAND",0
"1008","CUMBERLAND ST",0
"1009","CUMMINGS RD",29
"1010","CUMMINGS ST",0
"1011","CUMMINGTON ST",0
"1012","CUMMINS HWY",0
"1013","CUMMINS HY",0
"1014","CUMSTON ST",0
"1015","CUNARD ST",0
"1016","CUNARD WAY",0
"1017","CUNNINGHAM ST",0
"1018","CURLEY ST",0
"1019","CURRIER ST",0
"1020","CURTIS ST",0
"1021","CUSHING AV",0
"1022","CUSHING AVE",0
"1023","CUSHMAN RD",1
"1024","CUSTER ST",0
"1025","CUSTOM HOUSE ST",0
"1026","CUTTER RD",0
"1027","CYGNET ST",1
"1028","CYPHER ST",0
"1029","CYPRESS RD",1
"1030","CYPRESS ST",1
"1031","D ST",0
"1032","DABNEY PL",0
"1033","DABNEY ST",0
"1034","DACIA ST",0
"1035","DADE ST",0
"1036","DAKOTA ST",0
"1037","DALE ST",0
"1038","DALESSIO CT",0
"1039","DALIN PL",0
"1040","DALKEITH ST",0
"1041","DALRYMPLE ST",0
"1042","DALTON ST",0
"1043","DALY ST",0
"1044","DAMON PL",0
"1045","DAMRELL ST",0
"1046","DANA AV",0
"1047","DANA AVE",0
"1048","DANA RD",0
"1049","DANBURY RD",0
"1050","DANE ST",0
"1051","DANFORTH ST",0
"1052","DANIA ST",0
"1053","DANIA TR",0
"1054","DANNY RD",0
"1055","DANUBE ST",0
"1056","DANVILLE ST",0
"1057","DARLING ST",0
"1058","DARLINGTON ST",0
"1059","DARTMOUTH PL",0
"1060","DARTMOUTH ST",0
"1061","DAVENPORT ST",0
"1062","DAVID G MUGAR WAY",0
"1063","DAVID RD",0
"1064","DAVIDSON AV",0
"1065","DAVIDSON AVE",0
"1066","DAVISON ST",0
"1067","DAVITT ST",0
"1068","DAWES ST",0
"1069","DAWES TER",0
"1070","DAWES TR",0
"1071","DAWSON ST",0
"1072","DAY",0
"1073","DAY SQ",0
"1074","DAY ST",0
"1075","DAYTON ST",0
"1076","DE SOTO RD",0
"1077","DEACON ST",0
"1078","DEACONESS RD",0
"1079","DEADY'S LN",0
"1080","DEAN ST",0
"1081","DEARBORN ST",0
"1082","DECATUR AV",0
"1083","DECATUR ST",0
"1084","DECKARD ST",0
"1085","DEDHAM PY",0
"1086","DEDHAM ST",0
"1087","DEER ST",0
"1088","DEERFIELD ST",0
"1089","DEERING RD",0
"1090","DEFOREST ST",0
"1091","DEGAUTIER WY",0
"1092","DELANO PARK",0
"1093","DELANO ST",0
"1094","DELAWARE PL",1
"1095","DELFORD ST",0
"1096","DELHI ST",0
"1097","DELL AV",0
"1098","DELL AVE",0
"1099","DELL TR",0
"1100","DELLE AV",0
"1101","DELLE AVE",0
"1102","DELMONT ST",0
"1103","DELNORE PL",0
"1104","DENBY RD",8
"1105","DENNIS ST",0
"1106","DENNISON ST",0
"1107","DENNY ST",0
"1108","DENT ST",0
"1109","DENTON TR",0
"1110","DENVIR ST",0
"1111","DERNE ST",0
"1112","DESIGN CENTER PL",0
"1113","DESMOND RD",0
"1114","DESOTO RD",0
"1115","DESTEFANO RD",0
"1116","DESTEPHANO RD",0
"1117","DEVENS ST",0
"1118","DEVER ST",0
"1119","DEVINE WY",0
"1120","DEVON ST",0
"1121","DEVONSHIRE PL",0
"1122","DEVONSHIRE PLACE",0
"1123","DEVONSHIRE ST",0
"1124","DEWAR ST",0
"1125","DEWEY ST",0
"1126","DEWITT DR",0
"1127","DEWOLF ST",0
"1128","DEXTER ST",0
"1129","DICKENS ST",0
"1130","DICKINSON RD",4
"1131","DIETZ CT",0
"1132","DIETZ RD",0
"1133","DIGHTON ST",12
"1134","DIMOCK ST",0
"1135","DITMUS CT",0
"1136","DITSON ST",0
"1137","DIX ST",0
"1138","DIXFIELD ST",0
"1139","DIXWELL",0
"1140","DIXWELL ST",0
"1141","DODGE RD",0
"1142","DON ST",0
"1143","DONALD RD",0
"1144","DONCASTER ST",0
"1145","DONNA TR",0
"1146","DONNYBROOK RD",4
"1147","DONWOOD TR",0
"1148","DOONE AV",0
"1149","DORCHESTER AV",0
"1150","DORCHESTER AVE",0
"1151","DORCHESTER BAY",0
"1152","DORCHESTER ST",0
"1153","DORIS ST",0
"1154","DORR ST",0
"1155","DORRANCE ST",0
"1156","DORSET ST",0
"1157","DOUGLAS PARK",0
"1158","DOUGLAS ST",0
"1159","DOVE ST",0
"1160","DOW RD",0
"1161","DOWNER AV",0
"1162","DOWNER AVE",0
"1163","DOWNER CT",0
"1164","DR. MICHAEL GAVIN WAY",0
"1165","DRACUT ST",0
"1166","DRAKE PL",0
"1167","DRAPER RD",0
"1168","DRAPER ST",0
"1169","DRAYTON AV",0
"1170","DRAYTON AVE",0
"1171","DRESDEN ST",0
"1172","DRESSER ST",0
"1173","DRIFTWOOD RD",0
"1174","DRISCOLL DR",0
"1175","DROMEY ST",0
"1176","DRUID ST",0
"1177","DRUMLIN RD",0
"1178","DRUMMOND ST",0
"1179","DRURY RD",0
"1180","DRY DOCK AV",0
"1181","DRY DOCK AVE",0
"1182","DUBOIS ST",0
"1183","DUDLEY PL",0
"1184","DUDLEY ST",0
"1185","DUDLEY TER",0
"1186","DUDLEY TR",0
"1187","DUKE ST",0
"1188","DUMAS ST",0
"1189","DUNBAR AV",0
"1190","DUNBAR AVE",0
"1191","DUNBOY ST",12
"1192","DUNCAN PL",0
"1193","DUNCAN ST",0
"1194","DUNCKLEE ST",1
"1195","DUNFORD ST",0
"1196","DUNGARVEN RD",0
"1197","DUNKELD ST",0
"1198","DUNLAP ST",0
"1199","DUNMORE ST",0
"1200","DUNNING WY",0
"1201","DUNREATH ST",0
"1202","DUNSTABLE ST",0
"1203","DUNSTER RD",0
"1204","DUNWELL ST",0
"1205","DURANT ST",0
"1206","DURHAM ST",0
"1207","DURNELL AV",0
"1208","DURNELL AVE",0
"1209","DUSTIN ST",14
"1210","DUVAL ST",3
"1211","DUXBURY RD",0
"1212","DWIGHT ST",0
"1213","DWINELL ST",0
"1214","DYER ST",0
"1215","E 1ST ST",0
"1216","E 2ND ST",0
"1217","E 3RD ST",0
"1218","E 4TH ST",0
"1219","E 5TH ST",0
"1220","E 6TH ST",0
"1221","E 7TH ST",0
"1222","E 8TH ST",0
"1223","E 9TH ST",0
"1224","E BERKELEY ST",0
"1225","E BROADWAY",0
"1226","E BROOKLINE ST",0
"1227","E CANTON ST",0
"1228","E CONCORD ST",0
"1229","E COTTAGE ST",0
"1230","E DEDHAM ST",0
"1231","E EAGLE ST",0
"1232","E EIGHTH ST",0
"1233","E FIFTH ST",0
"1234","E FIRST ST",0
"1235","E FOURTH ST",0
"1236","E INDIA ROW",0
"1237","E LENOX ST",0
"1238","E NEWTON ST",0
"1239","E NINTH ST",0
"1240","E SECOND ST",0
"1241","E SERVICE RD",0
"1242","E SEVENTH ST",0
"1243","E SIXTH ST",0
"1244","E SPRINGFIELD ST",0
"1245","E ST",0
"1246","E THIRD ST",0
"1247","EAGLE SQ",0
"1248","EAGLE ST",0
"1249","EAST ST",0
"1250","EAST ST PL",0
"1251","EASTBOURNE ST",0
"1252","EASTBURN ST",5
"1253","EASTLAND RD",0
"1254","EASTMAN ST",0
"1255","EASTMONT RD",0
"1256","EASTON AV",1
"1257","EASTON ST",13
"1258","EASTWOOD CR",0
"1259","EDEN ST",0
"1260","EDGE HILL ST",0
"1261","EDGEBROOK RD",0
"1262","EDGEMERE RD",0
"1263","EDGEMONT ST",0
"1264","EDGERLY PL",0
"1265","EDGERLY RD",0
"1266","EDGEWATER DR",0
"1267","EDGEWATER RD",0
"1268","EDGEWOOD ST",0
"1269","EDINBORO ST",0
"1270","EDISON",0
"1271","EDISON GRN",0
"1272","EDNA RD",0
"1273","EDSON ST",1
"1274","EDSON TER",0
"1275","EDSON TR",0
"1276","EDWARDSON ST",0
"1277","EDWIN ST",0
"1278","EGAN WY",1
"1279","EGLESTON ST",0
"1280","EGREMONT RD",11
"1281","EIGHTH ST",0
"1282","ELBA TR",0
"1283","ELBERT ST",0
"1284","ELBOW ST",0
"1285","ELDER ST",0
"1286","ELDON ST",0
"1287","ELDORA ST",0
"1288","ELDRIDGE RD",0
"1289","ELEANOR ST",4
"1290","ELECTRIC AV",4
"1291","ELECTRIC AVE",0
"1292","ELGIN ST",0
"1293","ELIOT PL",0
"1294","ELIOT ST",0
"1295","ELIZABETH ST",0
"1296","ELKINS ST",0
"1297","ELKO ST",2
"1298","ELLARD RD",0
"1299","ELLERY ST",0
"1300","ELLERY TR",0
"1301","ELLET ST",0
"1302","ELLINGTON ST",0
"1303","ELLINGWOOD ST",0
"1304","ELLIS ST",0
"1305","ELLISON AV",0
"1306","ELLISON AVE",0
"1307","ELLSWOOD ST",0
"1308","ELM HILL",0
"1309","ELM HILL AV",0
"1310","ELM HILL AVE",0
"1311","ELM HILL PARK",0
"1312","ELM LAWN ST",0
"1313","ELM ST",0
"1314","ELMDALE ST",0
"1315","ELMER RD",0
"1316","ELMHURST ST",0
"1317","ELMIRA ST",11
"1318","ELMONT ST",0
"1319","ELMORE ST",0
"1320","ELMWOOD ST",0
"1321","ELTON ST",0
"1322","ELVEN RD",0
"1323","ELWYN RD",0
"1324","ELY RD",0
"1325","EMBASSY RD",2
"1326","EMERALD CT",0
"1327","EMERSON PL",0
"1328","EMERSON ST",0
"1329","EMERY RD",7
"1330","EMMET ST",0
"1331","EMMONS ST",0
"1332","EMMONSDALE RD",0
"1333","EMPIRE ST",14
"1334","EMROSE TR",0
"1335","ENDICOTT ST",0
"1336","ENFIELD ST",0
"1337","ENGLEWOOD AV",12
"1338","ENGLEWOOD AVE",1
"1339","ENNEKING PKWY",0
"1340","ENNEKING PY",0
"1341","ENNIS RD",0
"1342","ENTERPRISE ST",0
"1343","EPPING ST",0
"1344","ERIC RD",1
"1345","ERICSSON ST",0
"1346","ERIE PL",0
"1347","ERIE ST",0
"1348","ERNEST AV",0
"1349","ERNEST AVE",0
"1350","ERNST ST",0
"1351","ESMOND ST",0
"1352","ESSEX ST",0
"1353","ESTABROOK RD",0
"1354","ESTELLA ST",0
"1355","ESTEY ST",0
"1356","ESTHER RD",0
"1357","ESTRELLA ST",0
"1358","ETHEL ST",0
"1359","ETNA ST",6
"1360","EUCLID ST",0
"1361","EUGENIA RD",0
"1362","EULITA TR",1
"1363","EUNICE ST",0
"1364","EUSTIS ST",0
"1365","EUSTON RD",10
"1366","EUTAW ST",0
"1367","EVANDALE TR",0
"1368","EVANS RD",3
"1369","EVANS ST",0
"1370","EVANS WAY",0
"1371","EVANS WY",0
"1372","EVELYN ST",0
"1373","EVERDEAN ST",0
"1374","EVERETT AV",0
"1375","EVERETT AVE",0
"1376","EVERETT SQ",4
"1377","EVERETT ST",74
"1378","EVERGREEN ST",0
"1379","EVERTON ST",0
"1380","EXCHANGE PL",0
"1381","EXETER CT",0
"1382","EXETER ST",0
"1383","F ST",0
"1384","FABYAN ST",0
"1385","FACTORY ST",0
"1386","FAIRBANKS ST",9
"1387","FAIRFAX ST",0
"1388","FAIRFIELD ST",0
"1389","FAIRLAND ST",0
"1390","FAIRLANE RD",0
"1391","FAIRLAWN AV",0
"1392","FAIRLAWN AVE",0
"1393","FAIRMOUNT AV",0
"1394","FAIRMOUNT AVE",0
"1395","FAIRMOUNT CT",0
"1396","FAIRMOUNT ST",0
"1397","FAIRVIEW AV",0
"1398","FAIRVIEW ST",0
"1399","FAIRWAY ST",0
"1400","FALCON ST",0
"1401","FALKLAND ST",10
"1402","FAN PIER BLVD",0
"1403","FANEUIL HALL MARKETPLACE",0
"1404","FANEUIL HALL SQ",0
"1405","FANEUIL ST",96
"1406","FARADAY ST",0
"1407","FARGO ST",0
"1408","FARMINGTON RD",0
"1409","FARNHAM ST",0
"1410","FARNSWORTH ST",0
"1411","FARQUHAR ST",0
"1412","FARRAGUT RD",0
"1413","FARRAGUT ST",0
"1414","FARRAR AV",0
"1415","FARRIN ST",0
"1416","FARRINGTON AV",18
"1417","FARRINGTON AVE",2
"1418","FARRINGTON ST",2
"1419","FARWELL AV",0
"1420","FATHER FRANCIS J GILDAY ST",0
"1421","FATHER JACOBEE RD",0
"1422","FAULKNER CIR",0
"1423","FAULKNER CR",0
"1424","FAULKNER ST",0
"1425","FAUNCE RD",0
"1426","FAVRE ST",0
"1427","FAWNDALE",0
"1428","FAWNDALE RD",0
"1429","FAXON ST",0
"1430","FAY ST",0
"1431","FAYETTE ST",0
"1432","FAYSTON ST",0
"1433","FAYWOOD AV",0
"1434","FAYWOOD AVE",0
"1435","FEDERAL CT",0
"1436","FEDERAL ST",0
"1437","FELLOWS ST",0
"1438","FELLSWAY ST",0
"1439","FENDALE AV",0
"1440","FENDALE AVE",0
"1441","FENELON ST",0
"1442","FENNO ST",0
"1443","FENSMERE RD",0
"1444","FENTON ST",0
"1445","FENWAY",0
"1446","FENWICK PL",0
"1447","FENWOOD RD",0
"1448","FERMOY HEIGHTS AVE",0
"1449","FERMOY HTS AV",0
"1450","FERN ST",1
"1451","FERNALD TR",0
"1452","FERNBORO ST",0
"1453","FERNCROFT RD",0
"1454","FERNDALE ST",0
"1455","FERNWOOD RD",0
"1456","FERRIN ST",0
"1457","FESSENDEN ST",0
"1458","FID KENNEDY AV",0
"1459","FIDELIS WAY",5
"1460","FIDELIS WY",59
"1461","FIELDMONT ST",0
"1462","FIFIELD ST",0
"1463","FILOMENA RD",0
"1464","FINANCIAL CENTER",0
"1465","FIRST AVE",0
"1466","FIRTH RD",0
"1467","FISHER AV",0
"1468","FISHER AVE",0
"1469","FLAHERTY WAY",0
"1470","FLAHERTY WY",0
"1471","FLAVIA ST",0
"1472","FLEET CENTER PL",0
"1473","FLEET ST",0
"1474","FLETCHER ST",0
"1475","FLINT PL",0
"1476","FLINT ST",0
"1477","FLORENCE ST",0
"1478","FLORIAN ST",0
"1479","FLORIAN WY",0
"1480","FLORIDA ST",0
"1481","FLOYD ST",0
"1482","FOLLEN ST",0
"1483","FOLSOM AV",0
"1484","FOLSOM ST",0
"1485","FOODMART RD",0
"1486","FORBES ST",0
"1487","FORD ST",0
"1488","FORDHAM RD",9
"1489","FOREST HILLS AV",0
"1490","FOREST HILLS ET DR",0
"1491","FOREST HILLS ST",0
"1492","FOREST PL",0
"1493","FOREST ST",0
"1494","FORESTVALE RD",0
"1495","FORSYTH ST",0
"1496","FORSYTH WY",0
"1497","FORT AV",0
"1498","FORT POINT CHANNEL",0
"1499","FOSSDALE RD",0
"1500","FOSTER CT",2
"1501","FOSTER ST",60
"1502","FOSTER TR",0
"1503","FOTTLER RD",0
"1504","FOUNDRY ST",0
"1505","FOUNTAIN PL",0
"1506","FOUNTAIN ST",0
"1507","FOWLE ST",0
"1508","FOWLER ST",0
"1509","FOX POINT RD",0
"1510","FOX ST",0
"1511","FRANCESCA ST",0
"1512","FRANCIS PARKMAN DR",0
"1513","FRANCIS ST",0
"1514","FRANCLAIRE DR",0
"1515","FRANCONIA ST",0
"1516","FRANKFORT ST",0
"1517","FRANKLIN FIELD",0
"1518","FRANKLIN HILL AV",0
"1519","FRANKLIN HILL AVE",0
"1520","FRANKLIN PARK",0
"1521","FRANKLIN PARK RD",0
"1522","FRANKLIN ST",28
"1523","FRAWLEY ST",0
"1524","FRAZER ST",0
"1525","FREDERICK ST",0
"1526","FREDERIKA ST",0
"1527","FREELAND ST",0
"1528","FREEMAN AV",0
"1529","FREEMAN ST",0
"1530","FREEPORT ST",0
"1531","FREEPORT WY",0
"1532","FREMONT AV",0
"1533","FREMONT ST",0
"1534","FRENCH ST",0
"1535","FRENCH TR",0
"1536","FRIEND ST",0
"1537","FRIENDSHIP RD",0
"1538","FRONTAGE RD",0
"1539","FRONTENAC ST",0
"1540","FROST AV",0
"1541","FRUIT ST",0
"1542","FULDA ST",0
"1543","FULLER ST",1
"1544","FULLERTON ST",0
"1545","FULTON PL",0
"1546","FULTON ST",0
"1547","FURBUSH RD",0
"1548","FURNIVAL RD",0
"1549","G ST",0
"1550","GAINSBOROUGH ST",0
"1551","GALENA ST",0
"1552","GALLIVAN BL",0
"1553","GALLIVAN BLVD",0
"1554","GALTY AV",0
"1555","GANNETT ST",0
"1556","GARDEN COURT ST",0
"1557","GARDEN CT ST",1
"1558","GARDEN ST",1
"1559","GARDENA ST",15
"1560","GARDENSIDE ST",0
"1561","GARDNER PL",0
"1562","GARDNER ST",80
"1563","GARDNER TR",1
"1564","GARFIELD AV",0
"1565","GARFIELD AVE",0
"1566","GARNER RD",0
"1567","GARNET RD",0
"1568","GARRISON ST",0
"1569","GARTH RD",0
"1570","GARTLAND ST",0
"1571","GASTON ST",0
"1572","GATES ST",0
"1573","GAVIN WY",0
"1574","GAY HEAD ST",0
"1575","GAYLAND ST",0
"1576","GAYLORD ST",0
"1577","GEN",0
"1578","GENE ST",0
"1579","GENERAL JOZEF PILSUDSKI WAY",0
"1580","GENERAL LAWRENCE J LOGAN WAY",0
"1581","GENERAL WILLIAM H DEVINE WAY",0
"1582","GENEVA AV",0
"1583","GENEVA AVE",0
"1584","GENEVA ST",0
"1585","GEORGE R. VISCONTI RD",0
"1586","GEORGE ST",0
"1587","GEORGES ISLAND",0
"1588","GEORGETOWNE DR",0
"1589","GEORGETOWNE PL",0
"1590","GEORGIA ST",0
"1591","GERAGHTY TER",0
"1592","GERAGHTY TR",0
"1593","GERALD RD",17
"1594","GERARD ST",0
"1595","GERMANIA ST",0
"1596","GERRISH ST",3
"1597","GIBSON ST",0
"1598","GIFFORD PL",0
"1599","GILDAY ST",0
"1600","GILLETTE PARK",0
"1601","GILMAN ST",0
"1602","GILMER ST",0
"1603","GILMORE",0
"1604","GINITA ST",0
"1605","GLADE AV",0
"1606","GLADESIDE AV",0
"1607","GLADESIDE AVE",0
"1608","GLADESIDE TR",0
"1609","GLADSTONE ST",0
"1610","GLEASON ST",0
"1611","GLEN LA",0
"1612","GLEN LN",0
"1613","GLEN RD",0
"1614","GLEN ST",0
"1615","GLENARM ST",0
"1616","GLENBURNE ST",0
"1617","GLENBURNIE RD",0
"1618","GLENCLIFF RD",0
"1619","GLENCOE ST",18
"1620","GLENDALE ST",0
"1621","GLENDON ST",0
"1622","GLENDOWER RD",0
"1623","GLENELLEN RD",0
"1624","GLENHAM ST",0
"1625","GLENHAVEN RD",0
"1626","GLENHILL RD",0
"1627","GLENMONT RD",37
"1628","GLENMORE ST",1
"1629","GLENROSE RD",0
"1630","GLENSIDE AV",0
"1631","GLENVALE TR",0
"1632","GLENVILLE AV",96
"1633","GLENVILLE AVE",6
"1634","GLENVILLE TR",1
"1635","GLENWAY ST",0
"1636","GLENWOOD AV",0
"1637","GLENWOOD AVE",0
"1638","GLIDE ST",0
"1639","GLOUCESTER ST",0
"1640","GLOVER CT",0
"1641","GLYNN WY",0
"1642","GOETHE ST",0
"1643","GOFF ST",0
"1644","GOLD ST",0
"1645","GOLDSMITH ST",0
"1646","GOODALE RD",0
"1647","GOODENOUGH ST",16
"1648","GOODRICH RD",0
"1649","GORDON AV",3
"1650","GORDON AVE",0
"1651","GORDON PL",0
"1652","GORDON ST",48
"1653","GORE ST",0
"1654","GORHAM ST",16
"1655","GOULD ST",1
"1656","GOVE ST",0
"1657","GRACE ST",0
"1658","GRAFTON ST",0
"1659","GRAHAM CT",0
"1660","GRAMPIAN WAY",0
"1661","GRAMPIAN WY",0
"1662","GRANADA AV",0
"1663","GRANADA PARK",0
"1664","GRANBY ST",0
"1665","GRANDVIEW ST",0
"1666","GRANFIELD AV",0
"1667","GRANGER ST",0
"1668","GRANITE AV",0
"1669","GRANITE AVE",0
"1670","GRANT PL",0
"1671","GRANT RD",0
"1672","GRANT ST",0
"1673","GRANTLEY ST",0
"1674","GRANVILLE ST",0
"1675","GRASSMERE RD",0
"1676","GRAY ST",0
"1677","GRAYFIELD AV",0
"1678","GRAYSON ST",0
"1679","GREATON RD",0
"1680","GREEN HILL ST",0
"1681","GREEN ST",0
"1682","GREENBAUM ST",0
"1683","GREENBRIER ST",0
"1684","GREENBROOK RD",0
"1685","GREENDALE RD",0
"1686","GREENFIELD RD",0
"1687","GREENHALGE ST",0
"1688","GREENHEYS ST",0
"1689","GREENMOUNT ST",0
"1690","GREENOCK ST",0
"1691","GREENOUGH AV",0
"1692","GREENOUGH AVE",0
"1693","GREENOUGH LA",0
"1694","GREENVIEW AV",0
"1695","GREENVILLE PARK",0
"1696","GREENVILLE ST",0
"1697","GREENWICH CT",0
"1698","GREENWICH PARK",0
"1699","GREENWICH ST",0
"1700","GREENWOOD AV",0
"1701","GREENWOOD AVE",0
"1702","GREENWOOD CR",0
"1703","GREENWOOD PARK",0
"1704","GREENWOOD SQ",0
"1705","GREENWOOD ST",0
"1706","GRETTER RD",0
"1707","GREW AV",0
"1708","GREW AVE",0
"1709","GREW HILL RD",0
"1710","GREYCLIFF RD",1
"1711","GREYCLIFFE RD",7
"1712","GREYLOCK RD",21
"1713","GREYMERE RD",1
"1714","GRIECO TR",0
"1715","GRIGGS PL",0
"1716","GRIGGS ST",1
"1717","GRIMES ST",0
"1718","GROOM ST",0
"1719","GROTON ST",0
"1720","GROTTO GLEN RD",0
"1721","GROUSE ST",0
"1722","GROVE ST",0
"1723","GROVE TR",0
"1724","GROVELAND ST",0
"1725","GROVENOR RD",0
"1726","GUERNSEY ST",0
"1727","GUEST ST",14
"1728","GUILD ST",0
"1729","GUILFORD ST",3
"1730","GURNEY ST",0
"1731","GUSTIN ST",0
"1732","GWINNETT ST",0
"1733","H ST",0
"1734","H STREET PL",0
"1735","HACKENSACK CR",0
"1736","HACKENSACK RD",0
"1737","HACKENSACK TR",0
"1738","HADASSAH WY",0
"1739","HADLEY ST",0
"1740","HADWIN WY",0
"1741","HAGAR ST",0
"1742","HALBORN ST",0
"1743","HALE ST",0
"1744","HALEY ST",0
"1745","HALF MOON ST",0
"1746","HALFORD RD",0
"1747","HALIFAX ST",0
"1748","HALL PL",0
"1749","HALL ST",0
"1750","HALLAM ST",0
"1751","HALLECK ST",0
"1752","HALLET DAVIS ST",0
"1753","HALLET ST",0
"1754","HALLIDAY ST",0
"1755","HALLOWELL ST",0
"1756","HALLRON ST",0
"1757","HALSEY RD",0
"1758","HAMILTON",0
"1759","HAMILTON CT",0
"1760","HAMILTON PL",0
"1761","HAMILTON ST",0
"1762","HAMLET ST",0
"1763","HAMLIN ST",0
"1764","HAMMETT ST",0
"1765","HAMMOND ST",0
"1766","HAMPDEN ST",0
"1767","HAMPSTEAD RD",0
"1768","HANCOCK ST",0
"1769","HANNON ST",0
"1770","HANO ST",28
"1771","HANOVER AV",0
"1772","HANOVER ST",0
"1773","HANSBOROUGH ST",0
"1774","HANSFORD PL",0
"1775","HANSFORD ST",0
"1776","HANSON ST",0
"1777","HARBELL TR",0
"1778","HARBOR CREST CT",0
"1779","HARBOR POINT BL",0
"1780","HARBOR POINT BLVD",0
"1781","HARBOR ST",0
"1782","HARBOR VIEW",0
"1783","HARBOR VIEW ST",0
"1784","HARBORSIDE DR",0
"1785","HARCOURT ST",0
"1786","HARDING CT",0
"1787","HARDING RD",0
"1788","HARDWICK ST",2
"1789","HARDWICK TR",1
"1790","HARDY ST",0
"1791","HARLEM ST",0
"1792","HARLESTON ST",0
"1793","HARLEY ST",0
"1794","HARLOW ST",0
"1795","HARMON ST",0
"1796","HARMONY ST",0
"1797","HAROLD PARK",0
"1798","HAROLD ST",0
"1799","HARRIET ST",13
"1800","HARRINGTON AV",0
"1801","HARRIS AV",0
"1802","HARRIS ST",0
"1803","HARRISHOF ST",0
"1804","HARRISON ARCHWAYS",0
"1805","HARRISON AV",0
"1806","HARRISON AVE",0
"1807","HARRISON AVENUE EXT",0
"1808","HARRISON PARK",0
"1809","HARRISON ST",0
"1810","HARROW ST",0
"1811","HARRY AGGANIS WAY",3
"1812","HART PL",0
"1813","HARTFORD CT",0
"1814","HARTFORD ST",0
"1815","HARTFORD TR",0
"1816","HARTLAND ST",0
"1817","HARTLAWN RD",0
"1818","HARTLEY TR",0
"1819","HARTWELL ST",0
"1820","HARVARD AV",180
"1821","HARVARD AVE",8
"1822","HARVARD PARK",0
"1823","HARVARD PL",0
"1824","HARVARD SQ",0
"1825","Harvard St",0
"1826","HARVARD ST",6
"1827","HARVARD TER",0
"1828","HARVARD TR",2
"1829","HARVARD WY",0
"1830","HARVEST ST",0
"1831","HARVEST TR",0
"1832","HARVESTER ST",0
"1833","HARWOOD ST",0
"1834","HASKELL ST",4
"1835","HASLET ST",0
"1836","HASTINGS ST",0
"1837","HATCH ST",0
"1838","HATHAWAY ST",0
"1839","HATHERLEY RD",3
"1840","HATHERLY RD",1
"1841","HAUTEVALE ST",0
"1842","HAVELOCK ST",0
"1843","HAVEN ST",0
"1844","HAVERFORD ST",0
"1845","HAVERHILL ST",0
"1846","HAVILAND ST",0
"1847","HAVRE ST",0
"1848","HAWKINS ST",0
"1849","HAWLEY PL",0
"1850","HAWLEY ST",0
"1851","HAWTHORNE",0
"1852","HAWTHORNE PL",0
"1853","HAWTHORNE ST",0
"1854","HAYDEN ST",0
"1855","HAYDN ST",0
"1856","HAYES RD",0
"1857","HAYNES ST",0
"1858","HAYWARD PL",0
"1859","HAZELMERE RD",0
"1860","HAZELTON ST",0
"1861","HAZELWOOD CT",0
"1862","HAZELWOOD ST",0
"1863","HAZLETON ST",0
"1864","HEAD PL",0
"1865","HEATH ST",0
"1866","HEATHCOTE ST",0
"1867","HEBRON ST",0
"1868","HECLA ST",0
"1869","HEFFERNAN ST",0
"1870","HELDUN ST",0
"1871","HELEN ST",0
"1872","HELENA RD",0
"1873","HEMENWAY ST",0
"1874","HEMLOCK RD",0
"1875","HEMMAN ST",0
"1876","HENCHMAN ST",0
"1877","HENDRY ST",0
"1878","HENLEY ST",0
"1879","HENRICI ST",0
"1880","HENRY ST",0
"1881","HENRY STERLING SQ",0
"1882","HENSHAW ST",17
"1883","HENSHAW TR",0
"1884","HERALD ST",0
"1885","HERBERT ST",0
"1886","HEREFORD ST",0
"1887","HERON ST",0
"1888","HERRICK ST",2
"1889","HESSTON TR",0
"1890","HEWINS ST",0
"1891","HEWLETT ST",0
"1892","HIAWATHA RD",0
"1893","HICHBORN ST",15
"1894","HIGGINS ST",8
"1895","HIGH ROCK WY",7
"1896","HIGH ST",0
"1897","HIGH VIEW AV",0
"1898","HIGH VIEW AVE",0
"1899","HIGHCREST RD",0
"1900","HIGHCREST TER",0
"1901","HIGHCREST TR",0
"1902","HIGHFIELD RD",0
"1903","HIGHFIELD TR",0
"1904","HIGHGATE ST",10
"1905","HIGHLAND AV",0
"1906","HIGHLAND PARK AV",0
"1907","HIGHLAND PARK ST",0
"1908","HIGHLAND ST",0
"1909","HILARY ST",0
"1910","HILBURN PL",0
"1911","HILBURN ST",0
"1912","HILDRETH ST",0
"1913","HILL ST",0
"1914","HILL TOP ST",0
"1915","HILLCROFT RD",0
"1916","HILLIS RD",0
"1917","HILLOCK ST",0
"1918","HILLSBORO RD",0
"1919","HILLSBORO ST",0
"1920","HILLSDALE ST",0
"1921","HILLSIDE AV",0
"1922","HILLSIDE ST",0
"1923","HILLVIEW AV",0
"1924","HILTON ST",0
"1925","HILTON TR",0
"1926","HINCKLEY ST",0
"1927","HOBART ST",5
"1928","HOBSON ST",13
"1929","HOFFMAN ST",0
"1930","HOLBORN PARK",0
"1931","HOLBORN ST",0
"1932","HOLBROOK AV",0
"1933","HOLBROOK ST",0
"1934","HOLDEN CT",0
"1935","HOLDEN ST",0
"1936","HOLIDAY ST",0
"1937","HOLLANDER ST",0
"1938","HOLLINGSWORTH ST",0
"1939","HOLLY RD",0
"1940","HOLLYWOOD RD",0
"1941","HOLMAN ST",3
"1942","HOLMES AL",0
"1943","HOLMES ST",2
"1944","HOLMFIELD AV",0
"1945","HOLMFIELD AVE",0
"1946","HOLTON ST",7
"1947","HOLWORTHY ST",0
"1948","HOLYOKE ST",0
"1949","HOMER ST",0
"1950","HOMES AV",0
"1951","HOMES AVE",0
"1952","HOMESTEAD PL",0
"1953","HOMESTEAD ST",0
"1954","HOMMAGEN CT",0
"1955","HOOKER ST",21
"1956","HOOPER ST",0
"1957","HOOTEN CT",0
"1958","HOPEDALE ST",9
"1959","HOPESTILL ST",0
"1960","HOPEWELL RD",0
"1961","HOPKINS RD",0
"1962","HOPKINS ST",0
"1963","HORACE ST",0
"1964","HORADAN WAY",0
"1965","HORADAN WY",0
"1966","HORAN WAY",0
"1967","HORAN WY",0
"1968","HOSMER ST",0
"1969","HOUGHTON ST",0
"1970","HOUSTON ST",0
"1971","HOWARD AV",0
"1972","HOWARD AVE",0
"1973","HOWARD PL",0
"1974","HOWARD ST",0
"1975","HOWE PL",0
"1976","HOWE ST",0
"1977","HOWE TR",0
"1978","HOWELL ST",0
"1979","HOWES ST",0
"1980","HOWITT RD",0
"1981","HOWLAND ST",0
"1982","HOYT ST",0
"1983","HUBBARD ST",0
"1984","HUBBARDSTON RD",0
"1985","HUCKINS ST",0
"1986","HUDSON ST",0
"1987","HULL ST",0
"1988","HULL ST CT",0
"1989","HUMAROCK WY",0
"1990","HUMBOLDT",0
"1991","HUMBOLDT AV",0
"1992","HUMBOLDT AVE",0
"1993","HUMBOLDT CT",0
"1994","HUMBOLDT PL",0
"1995","HUMES RD",0
"1996","HUMPHREYS PL",0
"1997","HUMPHREYS ST",0
"1998","HUNNEWELL AV",8
"1999","HUNTER ST",0
"2000","HUNTINGTON",0
"2001","HUNTINGTON AV",0
"2002","HUNTINGTON AVE",0
"2003","HUNTINGTON RD",0
"2004","HUNTOON ST",0
"2005","HURDS LA",0
"2006","HURLCROFT AV",0
"2007","HURLCROFT AVE",0
"2008","HURON CR",0
"2009","HUTCHINGS ST",0
"2010","HUTCHINSON ST",0
"2011","HYDE",0
"2012","HYDE PARK AV",0
"2013","HYDE PARK AVE",0
"2014","I ST",0
"2015","IDAHO ST",0
"2016","IFFLEY RD",0
"2017","IMBARO RD",0
"2018","IMRIE RD",4
"2019","INDEPENDENCE DR",0
"2020","INDIA ROW",0
"2021","INDIA ST",0
"2022","INDUSTRIAL DR",0
"2023","INGLESIDE ST",0
"2024","INTERNATIONAL PL",0
"2025","INTERVALE ST",0
"2026","INWOOD ST",0
"2027","IONA ST",0
"2028","IOWA ST",0
"2029","IPSWICH PL",0
"2030","IPSWICH ST",0
"2031","IRENA RD",0
"2032","IRMA ST",0
"2033","IROQUOIS ST",0
"2034","IRVING ST",0
"2035","IRWIN AV",0
"2036","ISABELLA ST",0
"2037","ISLAND ST",0
"2038","ISLAND VIEW PL",0
"2039","ISLINGTON ST",2
"2040","ISLINGTON TR",3
"2041","ITASCA ST",0
"2042","JACKSON AVE",0
"2043","JACKSON ST",0
"2044","JACOB ST",0
"2045","JACOBBE RD",0
"2046","JACQUELIN RD",0
"2047","JAMAICA PL",0
"2048","JAMAICA ST",0
"2049","JAMAICAWAY",0
"2050","JAMES O'NEIL WAY",0
"2051","JAMES O'NEILL",0
"2052","JAMES ONEILL ST",0
"2053","JAMESTOWN TR",0
"2054","JASON TR",0
"2055","JEFFERS ST",0
"2056","JEFFRIES ST",0
"2057","JENKINS ST",0
"2058","JEROME ST",0
"2059","JERSEY ST",0
"2060","JESS ST",0
"2061","JETTE CT",36
"2062","JEWETT ST",0
"2063","JEWISH WAR VETERANS",0
"2064","JEWISH WAR VETERANS DR",0
"2065","JIMMY FUND WAY",0
"2066","JIMMY FUND WY",0
"2067","JOAN RD",0
"2068","JOHN A ANDREW ST",0
"2069","JOHN A. ANDREW ST",0
"2070","JOHN ALDEN RD",0
"2071","JOHN ELIOT",0
"2072","JOHN ELIOT SQ",0
"2073","JOHN F. FITZGERALD SURFACE RD",0
"2074","JOHNNY CT",0
"2075","JOHNSON AV",0
"2076","JOHNSON ST",0
"2077","JOHNSON TR",0
"2078","JOHNSTON RD",0
"2079","JOHNSWOOD PA",0
"2080","JOHNSWOOD RD",0
"2081","JONES AV",0
"2082","JONES AVE",0
"2083","JORDAN RD",0
"2084","JOSEPH ST",0
"2085","JOSEPHINE ST",0
"2086","JOSLIN PL",0
"2087","JOY PL",0
"2088","JOY ST",0
"2089","JOYCE HAYES WY",0
"2090","JOYCE KILMER RD",0
"2091","JOYCE RD",0
"2092","JUDGE ST",0
"2093","JUDSON ST",0
"2094","JULIAN ST",0
"2095","JULIETTE ST",0
"2096","JUNE ST",0
"2097","JUNIPER ST",0
"2098","JUNIPER TR",0
"2099","JUSTIN RD",5
"2100","JUSTINIAN WAY",0
"2101","K ST",0
"2102","KANE ST",0
"2103","KARDON RD",0
"2104","KAVANAUGH WAY",0
"2105","KEANE RD",0
"2106","KEARSARGE AV",0
"2107","KEARSARGE AVE",0
"2108","KEEGAN ST",0
"2109","KEENAN RD",0
"2110","KEITH ST",0
"2111","KELLEY CT",5
"2112","KELTON ST",71
"2113","KEMBLE PL",0
"2114","KEMBLE ST",0
"2115","KEMP ST",0
"2116","KEMPTON ST",0
"2117","KENBERMA RD",0
"2118","KENDALL ST",0
"2119","KENILWORTH ST",0
"2120","KENMARE RD",0
"2121","KENMORE ST",0
"2122","KENNEBEC ST",0
"2123","KENNETH ST",0
"2124","KENNEY ST",0
"2125","KENRICK ST",21
"2126","KENSINGTON PARK",0
"2127","KENSINGTON ST",0
"2128","KENTON RD",0
"2129","KENWOOD ST",0
"2130","KERR PL",0
"2131","KERR WAY",0
"2132","KERR WY",0
"2133","KERSHAW RD",0
"2134","KERWIN ST",0
"2135","KESWICK ST",0
"2136","KEVIN RD",0
"2137","KEYSTONE ST",0
"2138","KILBY PL",0
"2139","KILBY ST",0
"2140","KILMARNOCK ST",0
"2141","KILSYTH RD",18
"2142","KILSYTH TR",1
"2143","KIMBALL ST",0
"2144","KINEO ST",0
"2145","KING",0
"2146","KING ST",0
"2147","KINGBIRD RD",0
"2148","KINGSBORO PARK",0
"2149","KINGSDALE ST",0
"2150","KINGSLAND RD",0
"2151","KINGSLEY ST",2
"2152","KINGSTON PL",0
"2153","KINGSTON ST",0
"2154","KINROSS RD",4
"2155","KIRKWOOD RD",30
"2156","KITTREDGE ST",0
"2157","KNAPP ST",0
"2158","KNEELAND ST",0
"2159","KNIGHT ST",0
"2160","KNOLL ST",0
"2161","KNOWLTON ST",0
"2162","KNOX ST",0
"2163","KOVEY CT",0
"2164","KOVEY RD",0
"2165","L ST",0
"2166","LA FAYETTE AVE",0
"2167","LABAN PRATT RD",0
"2168","LAFAYETTE AV",0
"2169","LAFIELD ST",0
"2170","LAGRANGE PL",0
"2171","LAGRANGE ST",0
"2172","LAKE SHORE",1
"2173","LAKE SHORE CT",2
"2174","LAKE SHORE RD",15
"2175","LAKE SHORE TR",0
"2176","LAKE ST",22
"2177","LAKESIDE AV",0
"2178","LAKEVILLE RD",0
"2179","LAMARTINE CT",0
"2180","LAMARTINE ST",0
"2181","LAMBERT AV",0
"2182","LAMBERT AVE",0
"2183","LAMBERT ST",0
"2184","LAMSON CT",0
"2185","LAMSON ST",0
"2186","LANARK RD",11
"2187","LANCASTER ST",0
"2188","LANDING ST",0
"2189","LANDOR RD",0
"2190","LANDSEER ST",0
"2191","LANE PARK",5
"2192","LANGDON ST",0
"2193","LANGFORD PARK",0
"2194","LANGLEY RD",19
"2195","LANSDOWNE ST",0
"2196","LANTERN LA",0
"2197","LARCH PL",0
"2198","LARCH ST",0
"2199","LARCHMONT ST",0
"2200","LAREDO ST",0
"2201","LARK ST",0
"2202","LAROSE PL",4
"2203","LASELL ST",0
"2204","LATIN RD",0
"2205","LATTIMORE CT",0
"2206","LAUREL ST",0
"2207","LAURIAT ST",0
"2208","LAURIE AV",0
"2209","LAVAL ST",0
"2210","LAWLEY ST",0
"2211","LAWN AV",0
"2212","LAWN AVE",0
"2213","LAWN ST",0
"2214","LAWNDALE TR",0
"2215","LAWNWOOD PL",0
"2216","LAWRENCE AV",0
"2217","LAWRENCE AVE",0
"2218","LAWRENCE PL",3
"2219","LAWRENCE ST",6
"2220","LAWTON ST",0
"2221","LAWTON TR",0
"2222","LEAHAVEN RD",0
"2223","LEAMINGTON RD",3
"2224","LEBANON ST",0
"2225","LEDGE HILL RD",0
"2226","LEDGEBROOK RD",0
"2227","LEDGEMERE RD",3
"2228","LEDGEWOOD RD",0
"2229","LEE ST",0
"2230","LEEDS ST",0
"2231","LEEDSVILLE ST",0
"2232","LEGENDS WAY",0
"2233","LEICESTER ST",11
"2234","LEIGHTON RD",0
"2235","LELAND RD",0
"2236","LELAND ST",0
"2237","LENA TR",0
"2238","LENISTON ST",0
"2239","LENNOCO RD",0
"2240","LENNON CT",0
"2241","LENOX ST",0
"2242","LENOXDALE AV",0
"2243","LEO M BIRMINGHAM PKWY",0
"2244","LEON ST",0
"2245","LEONARD PL",0
"2246","LEONARD ST",0
"2247","LEROY ST",0
"2248","LESHER ST",0
"2249","LESLIE ST",0
"2250","LESTON ST",0
"2251","LEVANT ST",0
"2252","LEVERETT CR",0
"2253","LEWIS MALL",0
"2254","LEWIS PL",0
"2255","LEWIS ST",0
"2256","LEWIS WHRF",0
"2257","LEWISTON ST",0
"2258","LEXINGTON AV",0
"2259","LEXINGTON AVE",0
"2260","LEXINGTON ST",0
"2261","LEYDEN ST",0
"2262","LEYLAND ST",0
"2263","LIBBEY ST",0
"2264","LIBERTY SQ",0
"2265","LIFE ST",2
"2266","LILA RD",0
"2267","LILLIAN ST",0
"2268","LIME ST",0
"2269","LINCOLN AV",0
"2270","LINCOLN PL",0
"2271","LINCOLN ST",58
"2272","LINDA LA",0
"2273","LINDALL ST",0
"2274","LINDEN AV",1
"2275","LINDEN AVE",0
"2276","LINDEN PARK ST",1
"2277","LINDEN RD",0
"2278","LINDEN ST",84
"2279","LINDSEY ST",0
"2280","LINGARD ST",0
"2281","LINLEY TR",0
"2282","LINNET ST",0
"2283","LINSKY BARRY CT",0
"2284","LINSKY-BARRY CT",0
"2285","LINVALE TER",0
"2286","LINVALE TR",0
"2287","LINWOOD SQ",0
"2288","LINWOOD ST",0
"2289","LISZT ST",0
"2290","LITCHFIELD ST",28
"2291","LITHGOW ST",0
"2292","LIVERMORE ST",0
"2293","LIVERPOOL ST",0
"2294","LIVINGSTONE ST",0
"2295","LOCHDALE RD",0
"2296","LOCHSTEAD AV",0
"2297","LOCHSTEAD AVE",0
"2298","LOCKWOOD ST",0
"2299","LOCUST ST",0
"2300","LODGEHILL RD",0
"2301","LOGAN ST",0
"2302","LOGAN WY",0
"2303","LOMASNEY WAY",0
"2304","LOMASNEY WY",0
"2305","LOMBARD PL",0
"2306","LOMBARD ST",0
"2307","LONDON CT",0
"2308","LONDON ST",0
"2309","LONG",0
"2310","LONG AV",14
"2311","LONG AVE",2
"2312","LONG ISLAND",0
"2313","LONG ISLAND RD",0
"2314","LONG WHRF",0
"2315","LONGFELLOW PL",0
"2316","LONGFELLOW ST",0
"2317","LONGMEADOW ST",0
"2318","LONGWOOD AV",0
"2319","LONGWOOD AVE",0
"2320","LONSDALE ST",0
"2321","LORENZO ST",0
"2322","LORETTE ST",0
"2323","LORING PL",0
"2324","LORING ST",0
"2325","LORNA",0
"2326","LORNA RD",0
"2327","LORNE ST",0
"2328","LORRAINE ST",0
"2329","LORRAINE TR",7
"2330","LOTHIAN RD",15
"2331","LOTHROP ST",2
"2332","LOUDERS LA",0
"2333","LOUIS D BROWN WY",0
"2334","LOUIS PRANG ST",0
"2335","LOUISBURG SQ",0
"2336","LOURDES AV",0
"2337","LOURDES AVE",0
"2338","LOVEJOY PL",0
"2339","LOVELL ISLAND",0
"2340","LOVIS ST",0
"2341","LOWNEY WY",0
"2342","LOYOLA CR",0
"2343","LUBEC ST",0
"2344","LUCERNE ST",0
"2345","LUDLOW ST",0
"2346","LYALL ST",0
"2347","LYFORD ST",0
"2348","LYNDE ST",0
"2349","LYNDEBORO PL",0
"2350","LYNDEBORO ST",0
"2351","LYNDHURST ST",0
"2352","LYNE RD",1
"2353","LYNN ST",0
"2354","LYNNVILLE TER",0
"2355","LYNNVILLE TR",0
"2356","LYON ST",0
"2357","M ST",0
"2358","MACDONALD ST",0
"2359","MACKIN ST",4
"2360","MACULLAR RD",0
"2361","MADELINE ST",1
"2362","MADISON PARK CT",0
"2363","MADISON ST",0
"2364","MAFFA WY",0
"2365","MAGAZINE ST",0
"2366","MAGDALA ST",0
"2367","MAGEE ST",0
"2368","MAGNOLIA PL",0
"2369","MAGNOLIA SQ",0
"2370","MAGNOLIA ST",0
"2371","MAHLER RD",0
"2372","MAIDA TR",0
"2373","MAIN ST",0
"2374","MALBERT RD",1
"2375","MALCOLM RD",0
"2376","MALCOLM X BL",0
"2377","MALCOLM X BLVD",0
"2378","MALDEN ST",0
"2379","MALLARD AV",0
"2380","MALLARD AVE",0
"2381","MALLET ST",0
"2382","MALLON RD",0
"2383","MALTA ST",0
"2384","MALVERN ST",7
"2385","MALVERNA RD",0
"2386","MAMELON CR",0
"2387","MANCHESTER ST",0
"2388","MANILA AV",0
"2389","MANION RD",0
"2390","MANLEY ST",0
"2391","MANN ST",0
"2392","MANNING ST",0
"2393","MANOR ST",0
"2394","MANSEN CT",0
"2395","MANSFIELD ST",7
"2396","MANSUR ST",0
"2397","MANTHORNE RD",0
"2398","MANTON TR",1
"2399","MAPES ST",0
"2400","MAPLE CT",0
"2401","MAPLE LEAF DR",0
"2402","MAPLE PL",0
"2403","MAPLE ST",0
"2404","MAPLE TR",0
"2405","MAPLETON ST",12
"2406","MAPLEWOOD ST",0
"2407","MARBURY TR",0
"2408","MARCELLA ST",0
"2409","MARCH AV",0
"2410","MARCH TR",0
"2411","MARCY RD",0
"2412","MARDEN AV",0
"2413","MARDEN AVE",0
"2414","MARGARET ST",0
"2415","MARGARETTA DR",0
"2416","MARGIN ST",0
"2417","MARGINAL RD",0
"2418","MARGINAL ST",0
"2419","MARGO RD",3
"2420","MARIA LA",0
"2421","MARIE ST",0
"2422","MARINA PARK DR",0
"2423","MARINE RD",0
"2424","MARION PL",0
"2425","MARION ST",0
"2426","MARIPOSA ST",0
"2427","MARK ST",0
"2428","MARKET ST",118
"2429","MARKSDALE ST",0
"2430","MARLBOROUGH ST",0
"2431","MARLIN RD",0
"2432","MARLOU TR",0
"2433","MARLOWE ST",0
"2434","MARMION ST",0
"2435","MARSHALL ST",0
"2436","MARSHFIELD ST",0
"2437","MARSTON ST",0
"2438","MARTHA RD",0
"2439","MARTIN LUTHER KING BLVD",0
"2440","MARTIN LUTHER KING JR BL",0
"2441","MARTIN LUTHER KING JR BLVD",0
"2442","MARTIN LUTHER RD",0
"2443","MARTIN ST",0
"2444","MARTINWOOD RD",0
"2445","MARVIN",0
"2446","MARVIN ST",0
"2447","MARY BOYLE WAY",0
"2448","MARY BOYLE WY",0
"2449","MARYKNOLL ST",0
"2450","MARYKNOLL TR",0
"2451","MARYLAND ST",0
"2452","MASCOMA ST",0
"2453","MASCOT ST",0
"2454","MASON CT",0
"2455","MASON ST",0
"2456","MASS",0
"2457","MASS PIKE",0
"2458","MASSACHUSETTS AV",0
"2459","MASSACHUSETTS AVE",0
"2460","MASSACHUSETTS TPKE",0
"2461","MASSASOIT ST",0
"2462","MASSPORT HAUL RD",0
"2463","MATCHETT ST",5
"2464","MATHER ST",0
"2465","MATTAKEESET ST",0
"2466","MATTAPAN ST",0
"2467","MATTHEWS ST",0
"2468","MAVERICK SQ",0
"2469","MAVERICK ST",0
"2470","MAXFIELD ST",0
"2471","MAXWELL ST",0
"2472","MAY ST",0
"2473","MAYBROOK ST",0
"2474","MAYBURY ST",0
"2475","MAYFAIR ST",0
"2476","MAYFIELD ST",0
"2477","MAYHEW ST",0
"2478","MAYNARD ST",0
"2479","MAYWOOD ST",0
"2480","MCBRIDE ST",0
"2481","MCCLELLAN HY",0
"2482","MCCORMACK SQ",0
"2483","MCCRAW ST",0
"2484","MCDONOUGH CT",0
"2485","MCDONOUGH WY",0
"2486","MCGREEVEY WAY",0
"2487","MCGREEVEY WY",0
"2488","MCKAY PL",0
"2489","MCKINLEY SQ",0
"2490","MCKONE ST",0
"2491","MCLELLAN ST",0
"2492","MCNULTY CT",0
"2493","MEAD ST",1
"2494","MEAD ST CT",0
"2495","MEADOW RD",0
"2496","MEADOWBANK AV",0
"2497","MEADOWBANK AVE",0
"2498","MEADOWVIEW RD",0
"2499","MECHANIC ST",0
"2500","MEDFIELD ST",0
"2501","MEDFORD ST",0
"2502","MEDWAY ST",0
"2503","MEEHAN PL",0
"2504","MEEHAN ST",0
"2505","MELBA WY",0
"2506","MELBOURNE ST",0
"2507","MELCHER ST",0
"2508","MELLEN ST",0
"2509","MELNEA CASS",0
"2510","MELNEA CASS BL",0
"2511","MELNEA CASS BLVD",0
"2512","MELROSE ST",0
"2513","MELTON RD",3
"2514","MELVILLE AV",0
"2515","MELVILLE AVE",0
"2516","MELVILLE LA",0
"2517","MELVILLE LN",0
"2518","MELVIN AV",10
"2519","MELVINSIDE TR",0
"2520","MENDELL WY",0
"2521","MENDELSSOHN ST",0
"2522","MENDUM ST",0
"2523","MENLO ST",2
"2524","MENTON ST",0
"2525","MERCEDES VIEW",0
"2526","MERCER ST",0
"2527","MERCHANTS ROW",0
"2528","MERCHANTS RW",0
"2529","MERCIER AV",0
"2530","MEREDITH ST",0
"2531","MERIDIAN ST",0
"2532","MERLIN ST",0
"2533","MEROLA PARK",0
"2534","MERRIAM ST",0
"2535","MERRILL ST",0
"2536","MERRIMAC ST",0
"2537","MESHAKA ST",0
"2538","MESSINGER ST",0
"2539","METCALF CT",0
"2540","METCALF ST",0
"2541","METROPOLITAN AV",0
"2542","METROPOLITAN AVE",0
"2543","METROPOLITAN CR",0
"2544","MEYER ST",0
"2545","MICHAEL RD",1
"2546","MICHELANGELO ST",0
"2547","MICHIGAN AV",0
"2548","MICHIGAN AVE",0
"2549","MIDDLE ST",0
"2550","MIDDLESEX ST",0
"2551","MIDDLETON ST",0
"2552","MIDLAND ST",0
"2553","MIDVALE RD",0
"2554","MILDRED AV",0
"2555","MILDRED AVE",0
"2556","MILES ST",0
"2557","MILFORD ST",0
"2558","MILK ST",0
"2559","MILL ST",0
"2560","MILLER PARK",0
"2561","MILLET ST",0
"2562","MILLMONT ST",0
"2563","MILLS ST",0
"2564","MILLSTONE RD",0
"2565","MILTON AV",0
"2566","MILTON AVE",0
"2567","MILTON ST",0
"2568","MILWOOD ST",0
"2569","MINDEN ST",0
"2570","MINDORO ST",0
"2571","MINER ST",0
"2572","MINOT ST",0
"2573","MINTON ST",0
"2574","MISHAWUM ST",0
"2575","MISSION PARK DR",0
"2576","MISSION ST",0
"2577","MITCHELL ST",0
"2578","MOHAWK ST",0
"2579","MOLONEY ST",0
"2580","MONADNOCK ST",0
"2581","MONASTERY RD",8
"2582","MONKS ST",0
"2583","MONMOUTH SQ",0
"2584","MONMOUTH ST",0
"2585","MONPONSET ST",0
"2586","MONSIGNOR ALBERT A. JACOBBE RD",0
"2587","MONSIGNOR DENNIS F O'CALL",0
"2588","MONSIGNOR DENNIS F O'CALLAGHAN WAY",0
"2589","MONSIGNOR PATRICK J LYDON WAY",0
"2590","MONSIGNOR PATRICK J. LYDON WAY",0
"2591","MONSIGNOR REYNOLDS WAY",0
"2592","MONSON ST",0
"2593","MONTAGUE ST",0
"2594","MONTANA ST",0
"2595","MONTCALM AV",7
"2596","MONTCALM AVE",0
"2597","MONTCLAIR AV",0
"2598","MONTCLAIR AVE",0
"2599","MONTEBELLO RD",0
"2600","MONTELLO ST",0
"2601","MONTEREY AVE",0
"2602","MONTFERN AV",17
"2603","MONTGOMERY ST",0
"2604","MONTMORENCI AV",0
"2605","MONTMORENCI AVE",0
"2606","MONTROSE ST",0
"2607","MONTVALE ST",0
"2608","MONTVIEW ST",0
"2609","MONUMENT AV",0
"2610","MONUMENT AVE",0
"2611","MONUMENT SQ",0
"2612","MONUMENT ST",0
"2613","MOODY ST",0
"2614","MOON ISLAND",0
"2615","MOON ST",0
"2616","MOORE ST",0
"2617","MORA ST",0
"2618","MORAINE ST",0
"2619","MORELAND ST",0
"2620","MOREY RD",0
"2621","MORLEY ST",0
"2622","MORRELL ST",0
"2623","MORRILL ST",0
"2624","MORRIS ST",0
"2625","MORRISSEY BL",0
"2626","MORROW RD",0
"2627","MORSE ST",0
"2628","MORTON PL",0
"2629","MORTON ST",0
"2630","MORTON VILLAGE DR",0
"2631","MOSELEY ST",0
"2632","MOSGROVE AV",0
"2633","MOSS DALE RD",0
"2634","MOSS HILL RD",0
"2635","MOTHER JULIA RD",0
"2636","MOULTON ST",0
"2637","MOULTON WY",0
"2638","MOULTRIE ST",0
"2639","MOUNT BOWDOIN TER",0
"2640","MOUNT EVERETT ST",0
"2641","MOUNT HOOD RD",0
"2642","MOUNT HOPE ST",0
"2643","MOUNT IDA RD",0
"2644","MOUNT PLEASANT AVE",0
"2645","MOUNT PLEASANT PL",0
"2646","MOUNT VERNON ST",1
"2647","MOUNTAIN AV",0
"2648","MOUNTAIN AVE",0
"2649","MOUNTFAIR TR",0
"2650","MOUNTFORT ST",0
"2651","MOVILLE ST",0
"2652","MOZART ST",0
"2653","MSG SHEA RD",0
"2654","MT ASH RD",0
"2655","MT BOWDOIN GRN",0
"2656","MT BOWDOIN TR",0
"2657","MT CALVARY RD",0
"2658","MT CUSHING TR",0
"2659","MT EVERETT ST",0
"2660","MT HOOD RD",7
"2661","MT HOPE ST",0
"2662","MT IDA RD",0
"2663","MT PLEASANT AV",0
"2664","MT PLEASANT PL",0
"2665","MT PLEASANT ST",0
"2666","MT PLEASANT TR",0
"2667","MT VERNON AV",0
"2668","MT VERNON PL",0
"2669","MT VERNON SQ",0
"2670","MT VERNON ST",11
"2671","MT WASHINGTON PL",0
"2672","MULLINS WY",0
"2673","MULVEY ST",0
"2674","MUNROE ST",0
"2675","MURDOCK ST",16
"2676","MURDOCK TR",1
"2677","MURRAY AV",0
"2678","MURRAY CT",0
"2679","MURRAY HILL RD",0
"2680","MUSEUM RD",0
"2681","MYOPIA RD",0
"2682","MYRICK ST",5
"2683","MYRTLE ST",0
"2684","MYRTLEBANK AV",0
"2685","MYSTIC AV",0
"2686","MYSTIC RIVER",0
"2687","MYSTIC ST",0
"2688","N ANDERSON ST",0
"2689","N BEACON ST",144
"2690","N BENNET CT",0
"2691","N BENNET ST",0
"2692","N CHARLAME CT",0
"2693","N CHARLAME TER",0
"2694","N CHARLAME TR",0
"2695","N CRESCENT CIRCUIT",5
"2696","N CRESCENT CIRT",0
"2697","N HANOVER CT",0
"2698","N HARVARD ST",45
"2699","N HUDSON ST",0
"2700","N MARGIN ST",0
"2701","N MARKET ST",0
"2702","N MEAD CT",0
"2703","N MEAD ST",0
"2704","N MUNROE TR",0
"2705","N POINT DR",0
"2706","N ST",0
"2707","N WASHINGTON ST",0
"2708","NAHANT AV",0
"2709","NAHANT AVE",0
"2710","NANCIA ST",0
"2711","NANTASKET AV",0
"2712","NAPIER PARK",0
"2713","NAPLES RD",1
"2714","NARRAGANSETT ST",0
"2715","NASHUA ST",0
"2716","NASSAU ST",0
"2717","NATIONAL ST",0
"2718","NAVARRE ST",0
"2719","NAVILLUS TER",0
"2720","NAVILLUS TR",0
"2721","NAY ST",0
"2722","NAZING CT",0
"2723","NAZING ST",0
"2724","NEAL CT",0
"2725","NECCO CT",0
"2726","NECCO ST",0
"2727","NEEDHAM RD",0
"2728","NEILLIAN CS",0
"2729","NELSON ST",0
"2730","NEPONSET AV",0
"2731","NEPONSET AVE",0
"2732","NEPONSET VALLEY PKWY",0
"2733","NEPONSET VALLEY PY",0
"2734","NEPTUNE CR",0
"2735","NEPTUNE RD",0
"2736","NEVA ST",0
"2737","NEVADA ST",0
"2738","NEVINS ST",2
"2739","NEW ACCOLON WY",0
"2740","NEW BEDFORD ST",0
"2741","NEW CHARDON ST",0
"2742","NEW ENGLAND AV",0
"2743","NEW ENGLAND AVE",0
"2744","NEW HAVEN ST",0
"2745","NEW HEATH ST",0
"2746","NEW MINTON ST",0
"2747","NEW PARK AV",0
"2748","NEW RUTHERFORD AV",0
"2749","NEW RUTHERFORD AVE",0
"2750","NEW ST",0
"2751","NEW SUDBURY ST",0
"2752","NEW WASHINGTON ST",0
"2753","NEW WHITNEY ST",0
"2754","NEWBERN ST",0
"2755","NEWBURG ST",0
"2756","NEWBURN CT",0
"2757","NEWBURY ST",0
"2758","NEWCASTLE RD",6
"2759","NEWCASTLE ST",0
"2760","NEWCOMB ST",0
"2761","NEWCROFT CR",0
"2762","NEWFIELD ST",0
"2763","NEWHALL ST",0
"2764","NEWHILL PL",0
"2765","NEWKIRK ST",0
"2766","NEWLAND ST",0
"2767","NEWMARKET SQ",0
"2768","NEWPORT ST",0
"2769","NEWTON ST",26
"2770","NIGHTINGALE ST",0
"2771","NIKISCH AV",0
"2772","NIKISCH AVE",0
"2773","NILES ST",5
"2774","NINTH ST",0
"2775","NIRA AV",0
"2776","NIXON",0
"2777","NIXON ST",0
"2778","NOAH ST",0
"2779","NOBLE CT",0
"2780","NONANTUM RD",3
"2781","NONANTUM ST",6
"2782","NONQUIT ST",0
"2783","NORFOLK AV",0
"2784","NORFOLK AVE",0
"2785","NORFOLK ST",0
"2786","NORFOLK TR",0
"2787","NORMANDY ST",0
"2788","NORTH",0
"2789","NORTH AV",0
"2790","NORTH SQ",0
"2791","NORTH ST",0
"2792","NORTHAMPTON PL",0
"2793","NORTHAMPTON ST",0
"2794","NORTHBOURNE RD",0
"2795","NORTHDALE RD",0
"2796","NORTHDALE TR",0
"2797","NORTHERN AV",0
"2798","NORTHERN AVE",0
"2799","NORTON ST",0
"2800","NORWAY PARK",0
"2801","NORWAY ST",0
"2802","NORWELL ST",0
"2803","NORWOOD ST",0
"2804","NOTRE DAME ST",0
"2805","NOTT ST",0
"2806","NOTTINGHAM ST",0
"2807","NOTTINGHILL RD",8
"2808","NOYES PL",0
"2809","NROTHAMPTON ST",0
"2810","NULL",0
"2811","O ST",0
"2812","O ST PL",0
"2813","O'DONNELL",0
"2814","O'MEARA",0
"2815","O'REILLY",0
"2816","OAK PL",0
"2817","OAK RD",0
"2818","OAK SQ AVE",0
"2819","OAK SQUARE AV",4
"2820","OAK SQUARE AVE",2
"2821","OAK ST",0
"2822","OAK ST W",0
"2823","OAKCREST RD",0
"2824","OAKDALE ST",0
"2825","OAKHURST ST",0
"2826","OAKLAND PL",1
"2827","OAKLAND ST",13
"2828","OAKLEY ST",0
"2829","OAKMAN ST",0
"2830","OAKMERE ST",0
"2831","OAKRIDGE ST",0
"2832","OAKTON AV",0
"2833","OAKTON AVE",0
"2834","OAKVIEW TER",0
"2835","OAKVIEW TR",0
"2836","OAKWOOD ST",0
"2837","OBEIRNE PL",0
"2838","OBIERNE PL",0
"2839","OBRIEN CT",0
"2840","OCALLAGHAN WY",0
"2841","OCEAN ST",0
"2842","OCEAN VIEW DR",0
"2843","OCONNELL RD",0
"2844","OCONNELL WY",0
"2845","OCONNOR WY",0
"2846","ODONNELL SQ",0
"2847","ODONNELL TR",0
"2848","OGDEN ST",0
"2849","OLD COLONY AV",0
"2850","OLD COLONY AVE",0
"2851","OLD HARBOR ST",0
"2852","OLD IRONSIDES WAY",0
"2853","OLD IRONSIDES WY",0
"2854","OLD LANDING WY",0
"2855","OLD MORTON ST",0
"2856","OLD RD",0
"2857","OLD RUTHERFORD AV",0
"2858","OLDFIELDS RD",0
"2859","OLEANDER ST",0
"2860","OLEARY WY",0
"2861","OLIVA RD",1
"2862","OLIVE ST",0
"2863","OLIVER ST",0
"2864","OLMSTEAD ST",0
"2865","OLNEY ST",0
"2866","OMEARA CT",0
"2867","ONEIL PL",0
"2868","ONSLOW TR",0
"2869","OPERA PL",0
"2870","OPHIR ST",0
"2871","ORANGE ST",0
"2872","ORCHARD PARK ST",0
"2873","ORCHARD ST",0
"2874","ORCHARDFIELD ST",0
"2875","ORCHARDHILL RD",0
"2876","OREILLY WY",0
"2877","ORGAN PARK ST",0
"2878","ORIENT AV",0
"2879","ORIENT AVE",0
"2880","ORIOLE ST",0
"2881","ORKNEY RD",21
"2882","ORLANDO ST",0
"2883","ORLEANS ST",0
"2884","ORMOND ST",0
"2885","ORNE ST",0
"2886","ORTON MAROTTA WY",0
"2887","ORTON-MAROTTA WAY",0
"2888","OSCAR ST",0
"2889","OSCEOLA ST",0
"2890","OSPREY WAY",0
"2891","OSWALD ST",0
"2892","OTIS PL",0
"2893","OTIS ST",0
"2894","OTISFIELD ST",0
"2895","OUTLOOK RD",0
"2896","OVERLAND ST",0
"2897","OVERLOOK RD",0
"2898","OWEN ST",0
"2899","OWENCROFT RD",0
"2900","OXFORD PL",0
"2901","OXFORD ST",0
"2902","OYSTER BAY RD",0
"2903","P ST",0
"2904","PACIFIC ST",0
"2905","PACKARD AV",0
"2906","PAGE ST",0
"2907","PAIGE AV",0
"2908","PAINE ST",0
"2909","PAISLEY PARK",0
"2910","PALACE RD",0
"2911","PALERMO ST",0
"2912","PALFREY ST",0
"2913","PALMER ST",0
"2914","PAMA GARDENS ST",0
"2915","PAPPAS WY",0
"2916","PARAGON RD",0
"2917","PARIS PL",0
"2918","PARIS ST",0
"2919","PARISH ST",0
"2920","PARK DR",0
"2921","PARK LA",0
"2922","PARK LANE",0
"2923","PARK LN",0
"2924","PARK PL",0
"2925","PARK PLAZA",0
"2926","PARK PLZ",0
"2927","PARK SQ",0
"2928","PARK ST",0
"2929","PARK ST PL",0
"2930","PARK VALE AV",33
"2931","PARK VIEW ST",0
"2932","PARKER HILL AV",0
"2933","PARKER HILL AVE",0
"2934","PARKER HILL TR",0
"2935","PARKER ST",0
"2936","PARKLAWN RD",0
"2937","PARKMAN PL",0
"2938","PARKMAN ST",0
"2939","PARKSIDE DR",0
"2940","PARKSON ST",0
"2941","PARKTON RD",0
"2942","PARKWAY ST",0
"2943","PARKWOOD TER",0
"2944","PARKWOOD TR",0
"2945","PARLEY AV",0
"2946","PARLEY AVE",0
"2947","PARMELEE ST",0
"2948","PARMENTER ST",0
"2949","PARROT ST",0
"2950","PARSONS ST",33
"2951","PARTRIDGE ST",0
"2952","PASADENA RD",0
"2953","PATTEN ST",0
"2954","PATTERSON ST",0
"2955","PATTERSON WAY",0
"2956","PATTERSON WY",0
"2957","PAUL GORE ST",0
"2958","PAUL PL",0
"2959","PAULA RD",0
"2960","PAULMAN CR",0
"2961","PAXTON ST",0
"2962","PAYNE ST",0
"2963","PAYSON AV",0
"2964","PAYSON AVE",0
"2965","PAYSON RD",0
"2966","PEABODY CR",0
"2967","PEABODY PL",0
"2968","PEACEABLE ST",2
"2969","PEACEVALE RD",0
"2970","PEARL PL",0
"2971","PEARL ST",0
"2972","PEDDOCKS ISLAND",0
"2973","PEIRSON ST",0
"2974","PELHAM ST",0
"2975","PELTON ST",0
"2976","PEMBERTON SQ",0
"2977","PEMBROKE ST",0
"2978","PENDER ST",0
"2979","PENFIELD ST",0
"2980","PENHALLOW ST",0
"2981","PENINSULA PL",0
"2982","PENNIMAN RD",9
"2983","PEOPLES BAPTIST PL",0
"2984","PEQUOT ST",0
"2985","PERCIVAL ST",0
"2986","PERHAM ST",0
"2987","PERKINS AV",0
"2988","PERKINS AVE",0
"2989","PERKINS SQ",0
"2990","PERKINS ST",0
"2991","PERRIN ST",0
"2992","PERRY ST",0
"2993","PERSHING RD",0
"2994","PERTH ST",0
"2995","PERTHSHIRE RD",24
"2996","PETER PARLEY RD",0
"2997","PETERBOROUGH ST",0
"2998","PETERS ST",0
"2999","PEVERELL ST",0
"3000","PHEASANT ST",0
"3001","PHILBRICK ST",0
"3002","PHILIP ST",0
"3003","PHILLIPS ST",0
"3004","PHIPPS ST",0
"3005","PICKERING AV",0
"3006","PIE AL",0
"3007","PIEDMONT ST",0
"3008","PIERCE AV",0
"3009","PIERCE AVE",0
"3010","PIERCE ST",0
"3011","PIERPONT RD",0
"3012","PILGRIM PL",0
"3013","PILGRIM RD",0
"3014","PILSUDSKI WY",0
"3015","PINCKNEY ST",0
"3016","PINE RIDGE RD",0
"3017","PINE ST",0
"3018","PINECLIFF RD",0
"3019","PINEDALE RD",0
"3020","PINEFIELD RD",0
"3021","PINEHURST ST",0
"3022","PINEWOOD ST",0
"3023","PING ON ST",0
"3024","PINGREE ST",0
"3025","PITSMOOR RD",0
"3026","PLAIN ST",0
"3027","PLAINFIELD ST",0
"3028","PLANET ST",0
"3029","PLANET STREET",0
"3030","PLANT CT",0
"3031","PLATT RD",1
"3032","PLAYSTEAD RD",0
"3033","PLEASANT AV",0
"3034","PLEASANT HILL AV",0
"3035","PLEASANT HILL AVE",0
"3036","PLEASANT HILL TR",0
"3037","PLEASANT ST",0
"3038","PLEASANT VALLEY CR",0
"3039","PLEASANTDALE RD",0
"3040","PLEASANTON ST",0
"3041","PLEASANTVIEW ST",0
"3042","PLYMPTON ST",0
"3043","POLK ST",0
"3044","POMEROY ST",0
"3045","POMPEII ST",0
"3046","POND CR",0
"3047","POND ST",0
"3048","POND VIEW AV",0
"3049","PONTIAC ST",0
"3050","POPE JOHN PAUL PARK",0
"3051","POPES HILL ST",0
"3052","POPLAR ST",0
"3053","PORT NORFOLK ST",0
"3054","PORTER PL",0
"3055","PORTER ST",0
"3056","PORTER TR",0
"3057","PORTINA RD",0
"3058","PORTLAND ST",0
"3059","PORTSMOUTH ST",5
"3060","POST OFFICE SQ",0
"3061","POTOMAC ST",0
"3062","POTOSI ST",0
"3063","POWELLTON RD",0
"3064","POWERS CT",0
"3065","POYDRAS ST",0
"3066","PRAIRIE ST",0
"3067","PRATT ST",37
"3068","PREBLE ST",0
"3069","PRENTISS ST",0
"3070","PRESCOTT PL",0
"3071","PRESCOTT ST",0
"3072","PRESENTATION RD",4
"3073","PRESIDENT TER",1
"3074","PRESIDENT TR",0
"3075","PRESTON RD",0
"3076","PRICE RD",9
"3077","PRIESING ST",0
"3078","PRIMROSE ST",0
"3079","PRINCE ST",0
"3080","PRINCETON ST",0
"3081","PRISCILLA RD",6
"3082","PROCTOR ST",0
"3083","PROSPECT AV",0
"3084","PROSPECT AVE",0
"3085","PROSPECT CR",0
"3086","PROSPECT ST",0
"3087","PROVIDENCE ST",0
"3088","PROVINCE CT",0
"3089","PROVINCE ST",0
"3090","PUB ALLEY 439",0
"3091","PUBLIC ALLEY 403",0
"3092","PUBLIC ALLEY 404",0
"3093","PUBLIC ALLEY 414",0
"3094","PUBLIC ALLEY 415",0
"3095","PUBLIC ALLEY 422",0
"3096","PUBLIC ALLEY 425",0
"3097","PUBLIC ALLEY 426",0
"3098","PUBLIC ALLEY 428",0
"3099","PUBLIC ALLEY 429",0
"3100","PUBLIC ALLEY 430",0
"3101","PUBLIC ALLEY 432",0
"3102","PUBLIC ALLEY 433",0
"3103","PUBLIC ALLEY 436",0
"3104","PUBLIC ALLEY 438",0
"3105","PUBLIC ALLEY 439",0
"3106","PUBLIC ALLEY 440",0
"3107","PUBLIC ALLEY 441",0
"3108","PUBLIC ALLEY 444",0
"3109","PUBLIC ALLEY 539",0
"3110","PUBLIC ALLEY 705",0
"3111","PUBLIC ALLEY 706",0
"3112","PUBLIC ALLEY 818",0
"3113","PUBLIC ALLEY 822",0
"3114","PUBLIC ALLEY 901",0
"3115","PUBLIC ALLEY 905",0
"3116","PUBLIC ALLEY 908",0
"3117","PUBLIC ALLEY 909",0
"3118","PUBLIC ALLEY NO 434",0
"3119","PUBLIC ALLEY NO 438",0
"3120","PUBLIC ALLEY NO 439",0
"3121","PUBLIC ALLEY NO 442",0
"3122","PULASKI AV",0
"3123","PURCHASE ST",0
"3124","PURITAN AV",0
"3125","PURITAN AVE",0
"3126","PUTNAM AV",0
"3127","PUTNAM PL",0
"3128","PUTNAM ST",0
"3129","QUAIL ST",0
"3130","QUAKER LA",0
"3131","QUEEN ST",0
"3132","QUEENSBERRY ST",0
"3133","QUINCEFIELD PL",0
"3134","QUINCEFIELD ST",0
"3135","QUINCY CT",0
"3136","QUINCY ST",0
"3137","QUINT AV",29
"3138","QUINT AVE",1
"3139","RADCLIFFE RD",5
"3140","RADCLIFFE ST",0
"3141","RADFORD LA",0
"3142","RADNOR RD",13
"3143","RAILROAD ST",0
"3144","RAINIER RD",0
"3145","RALDNE RD",0
"3146","RALEIGH ST",0
"3147","RALSTON RD",0
"3148","RALWOOD RD",0
"3149","RAMBLER RD",0
"3150","RAMSDELL AV",0
"3151","RAMSEY ST",0
"3152","RAND ST",0
"3153","RANDOLPH ST",0
"3154","RANELEGH RD",1
"3155","RANGE RD",0
"3156","RANGELEY ST",0
"3157","RANLEY RD",0
"3158","RANSOM RD",10
"3159","RAVEN ST",0
"3160","RAWSON ST",0
"3161","RAWSTON RD",0
"3162","RAYMOND ST",14
"3163","RAYNES RD",0
"3164","RAYNOR AV",0
"3165","RAYNOR CIR",0
"3166","RAYNOR CR",0
"3167","READING ST",0
"3168","READVILLE ST",0
"3169","RECTOR RD",0
"3170","REDDY AV",0
"3171","REDFIELD ST",0
"3172","REDGATE RD",0
"3173","REDLANDS RD",0
"3174","REDWOOD ST",0
"3175","REED",0
"3176","REED ST",0
"3177","REEDSDALE ST",17
"3178","REGAN RD",0
"3179","REGENT ST",0
"3180","REGINA RD",0
"3181","REGIS RD",0
"3182","REMINGTON ST",0
"3183","RENA ST",1
"3184","RESERVATION RD",0
"3185","RESERVOIR CT",0
"3186","REV R COSTELLO PL",0
"3187","REV RICHARD A BURKE ST",0
"3188","REVERE ST",0
"3189","REXFORD ST",0
"3190","REXHAME ST",0
"3191","REYNOLD RD",0
"3192","REYNOLDS RD",0
"3193","REYNOLDS WY",0
"3194","RHOADES ST",0
"3195","RHODA ST",0
"3196","RICE ST",0
"3197","RICH ST",0
"3198","RICHARDSON ST",3
"3199","RICHFIELD PARK",0
"3200","RICHFIELD ST",0
"3201","RICHMERE RD",0
"3202","RICHMOND ST",0
"3203","RICHVIEW ST",0
"3204","RICHWOOD ST",0
"3205","RIDGE ST",0
"3206","RIDGECREST DR",0
"3207","RIDGECREST TER",0
"3208","RIDGECREST TR",0
"3209","RIDGEMONT ST",19
"3210","RIDGEVIEW AV",0
"3211","RIDGEWAY LA",0
"3212","RIDGEWOOD ST",0
"3213","RIDLON RD",0
"3214","RILEY RD",0
"3215","RILL ST",0
"3216","RING RD",0
"3217","RINGGOLD ST",0
"3218","RIPLEY RD",0
"3219","RITA RD",0
"3220","RITCHIE ST",0
"3221","RIVER ST",0
"3222","RIVER ST PL",0
"3223","RIVER ST TR",0
"3224","RIVER STREET PL",0
"3225","RIVERDALE RD",0
"3226","RIVERDALE ST",6
"3227","RIVERMOOR ST",0
"3228","RIVERSIDE SQ",0
"3229","RIVERVIEW RD",6
"3230","RIVERWAY",0
"3231","ROACH ST",0
"3232","ROANOKE AV",0
"3233","ROANOKE RD",0
"3234","ROBERT ST",0
"3235","ROBESON ST",0
"3236","ROBEY ST",0
"3237","ROBIN HOOD ST",0
"3238","ROBIN ST",0
"3239","ROBINSON ST",0
"3240","ROBINWOOD AV",0
"3241","ROBINWOOD AVE",0
"3242","ROBKEN RD",0
"3243","ROCK RD",0
"3244","ROCK TER",0
"3245","ROCK TR",0
"3246","ROCKDALE ST",0
"3247","ROCKFORD ST",0
"3248","ROCKINGHAM AV",0
"3249","ROCKINGHAM AVE",0
"3250","ROCKINGHAM RD",0
"3251","ROCKLAND AV",0
"3252","ROCKLAND AVE",0
"3253","ROCKLAND ST",0
"3254","ROCKLEDGE ST",0
"3255","ROCKMERE ST",0
"3256","ROCKMOUNT ST",0
"3257","ROCKNE AV",0
"3258","ROCKVALE CIR",0
"3259","ROCKVALE CR",0
"3260","ROCKVIEW ST",0
"3261","ROCKVILLE PARK",0
"3262","ROCKWAY ST",0
"3263","ROCKWELL ST",0
"3264","ROCKWOOD ST",0
"3265","ROCKWOOD TR",0
"3266","ROCKY NOOK TR",0
"3267","RODMAN ST",0
"3268","ROGERS PARK AV",5
"3269","ROGERS PARK AVE",0
"3270","ROGERS ST",0
"3271","ROLAND ST",0
"3272","ROLLINS ST",0
"3273","ROMAR TR",0
"3274","ROMSEY ST",0
"3275","RONALD ST",0
"3276","RONAN ST",0
"3277","ROSA ST",0
"3278","ROSARIA ST",0
"3279","ROSE GARDEN CR",3
"3280","ROSEBERRY RD",0
"3281","ROSEBERY RD",0
"3282","ROSECLAIR ST",0
"3283","ROSECLIFF ST",0
"3284","ROSECLIFF TR",0
"3285","ROSEDALE ST",0
"3286","ROSEGLEN RD",0
"3287","ROSELAND ST",0
"3288","ROSEMARY ST",0
"3289","ROSEMERE CT",0
"3290","ROSEMONT ST",0
"3291","ROSEWAY ST",0
"3292","ROSEWOOD ST",0
"3293","ROSLIN ST",0
"3294","ROSLINDALE AV",0
"3295","ROSLINDALE AVE",0
"3296","ROSSELERIN RD",0
"3297","ROSSETER ST",0
"3298","ROSSMORE RD",0
"3299","ROSWELL ST",0
"3300","ROUND HILL ST",0
"3301","ROWE CT",0
"3302","ROWE ST",0
"3303","ROWELL ST",0
"3304","ROWENA ST",0
"3305","ROWES",0
"3306","ROWES WHRF",0
"3307","ROWLEY ST",0
"3308","ROXANNA ST",0
"3309","ROXBURY CT",0
"3310","ROXBURY ST",0
"3311","ROXTON ST",0
"3312","ROY ST",0
"3313","ROYAL ST",6
"3314","ROYCE RD",14
"3315","ROZELLA ST",0
"3316","RT93",0
"3317","RUFFING ST",0
"3318","RUGBY RD",0
"3319","RUGDALE RD",0
"3320","RUGG RD",14
"3321","RUGGLES CT",0
"3322","RUGGLES ST",0
"3323","RUNDEL PARK",0
"3324","RUNNING BROOK RD",0
"3325","RUSFIELD ST",0
"3326","RUSKINDALE RD",0
"3327","RUSSELL ST",0
"3328","RUSSETT RD",0
"3329","RUSTIC RD",0
"3330","RUTHERFORD",0
"3331","RUTHERFORD AV",0
"3332","RUTHERFORD AVE",0
"3333","RUTHVEN ST",0
"3334","RUTLAND SQ",0
"3335","RUTLAND ST",0
"3336","RUTLEDGE ST",0
"3337","RUXTON RD",0
"3338","RYAN RD",1
"3339","S BAY AV",0
"3340","S BAY AVE",0
"3341","S BREMEN ST",0
"3342","S CHARLAME CT",0
"3343","S CHARLAME TR",0
"3344","S CRESCENT CIRT",1
"3345","S FAIRVIEW ST",0
"3346","S HARBORSIDE DR",0
"3347","S HOBART ST",3
"3348","S HUNTINGTON AV",0
"3349","S HUNTINGTON AVE",0
"3350","S MARKET ST",0
"3351","S MUNROE TER",0
"3352","S MUNROE TR",0
"3353","S POINT DR",0
"3354","S RUSSELL ST",0
"3355","S SYDNEY ST",0
"3356","S WALTER ST",0
"3357","S WAVERLY ST",10
"3358","S WHITNEY ST",0
"3359","SACHEM ST",0
"3360","SACKVILLE ST",0
"3361","SACO ST",0
"3362","SAFFORD ST",0
"3363","SAGAMORE ST",0
"3364","SAINT ALBANS RD",0
"3365","SAINT ALPHONSUS ST",0
"3366","SAINT ANDREW RD",0
"3367","SAINT BOTOLPH ST",0
"3368","SAINT CYPRIANS PL",0
"3369","SAINT GERMAIN ST",0
"3370","SAINT GREGORY ST",0
"3371","SAINT JAMES",0
"3372","SAINT JAMES AVE",0
"3373","SAINT JAMES ST",0
"3374","SAINT JOSEPH ST",0
"3375","SAINT MARGARET ST",0
"3376","SAINT MARK ST",0
"3377","SAINT MARKS RD",0
"3378","SAINT MARTIN ST",0
"3379","SAINT RICHARD ST",0
"3380","SAINT ROSE ST",0
"3381","SAINT STEPHEN ST",0
"3382","SAINT THERESA AVE",0
"3383","SAINT WILLIAM ST",0
"3384","SALCOMBE ST",0
"3385","SALEM ST",0
"3386","SALEM ST AV",0
"3387","SALINA RD",0
"3388","SALISBURY PARK",0
"3389","SALMAN ST",0
"3390","SALT LA",0
"3391","SALUTATION ST",0
"3392","SAMMETT AV",0
"3393","SAMOSET ST",0
"3394","SAMUEL MORSE WAY",0
"3395","SAMUEL MORSE WY",0
"3396","SAN JUAN ST",0
"3397","SANBORN AV",0
"3398","SANBORN AVE",0
"3399","SANDERSON PL",1
"3400","SANFORD ST",0
"3401","SANGER ST",0
"3402","SANTUIT ST",0
"3403","SARANAC ST",0
"3404","SARATOGA PL",0
"3405","SARATOGA ST",0
"3406","SARGENT CROSSWAY",0
"3407","SARGENT ST",0
"3408","SAUNDERS ST",11
"3409","SAVANNAH AV",0
"3410","SAVANNAH AVE",0
"3411","SAVIN HILL AV",0
"3412","SAVIN HILL AVE",0
"3413","SAVIN HILL LA",0
"3414","SAVIN ST",0
"3415","SAVOY ST",0
"3416","SAWYER AV",1
"3417","SAWYER AVE",0
"3418","SAWYER TR",1
"3419","SAXTON ST",0
"3420","SAYBROOK ST",9
"3421","SAYWARD PL",0
"3422","SAYWARD ST",0
"3423","SCHILLER RD",0
"3424","SCHILLER ST",0
"3425","SCHIRMER RD",0
"3426","SCHOOL HOUSE CT",0
"3427","SCHOOL ST",4
"3428","SCHOOL STREET PL",0
"3429","SCHORTMANNS TR",0
"3430","SCHREPEL PL",0
"3431","SCHROEDER PLAZA",0
"3432","SCHROEDER PLZ",0
"3433","SCHUBERT ST",0
"3434","SCHUYLER ST",0
"3435","SCIENCE PARK",0
"3436","SCOTIA ST",0
"3437","SCOTT PL",0
"3438","SCOTTFIELD RD",5
"3439","SCRIBNER RD",0
"3440","SEA VIEW AV",0
"3441","SEA VIEW TR",0
"3442","SEABORN ST",0
"3443","SEAFOOD WY",0
"3444","SEAPORT BL",0
"3445","SEAPORT BLVD",0
"3446","SEAPORT LN",0
"3447","SEARLE RD",0
"3448","SEATTLE ST",2
"3449","SEAVER PL",0
"3450","SEAVER ST",0
"3451","SEAVERNS AV",0
"3452","SEAVERNS AVE",0
"3453","SECOND NEW WAY",0
"3454","SECOND NEW WY",0
"3455","SEDALIA RD",0
"3456","SEDGWICK ST",0
"3457","SEFTON ST",0
"3458","SEGEL ST",0
"3459","SELDEN ST",0
"3460","SELKIRK RD",3
"3461","SELMA ST",0
"3462","SELWYN ST",0
"3463","SEMINOLE ST",0
"3464","SEMONT RD",0
"3465","SENATOR BOLLING CIR",0
"3466","SENDERS CT",0
"3467","SENTRY HILL PL",0
"3468","SERVICE RD",0
"3469","SEVER ST",0
"3470","SEWALL ST",0
"3471","SEXTON CT",0
"3472","SEYMOUR RD",0
"3473","SEYMOUR ST",0
"3474","SHABAZZ WAY",0
"3475","SHABAZZ WY",0
"3476","SHAFTER ST",0
"3477","SHANDON RD",0
"3478","SHANLEY ST",2
"3479","SHANNON ST",9
"3480","SHARP ST",0
"3481","SHATTUCK ST",0
"3482","SHAW ST",0
"3483","SHAWMUT AV",0
"3484","SHAWMUT AVE",0
"3485","SHAWMUT ST",0
"3486","SHAWSHEEN RD",0
"3487","SHEAFE ST",0
"3488","SHEFFIELD RD",0
"3489","SHELBY ST",0
"3490","SHELDON ST",0
"3491","SHENANDOAH ST",0
"3492","SHEPARD PL",0
"3493","SHEPARD ST",5
"3494","SHEPARD WY",1
"3495","SHEPHERD AV",0
"3496","SHEPHERD AVE",0
"3497","SHEPTON ST",0
"3498","SHEPTON TR",0
"3499","SHERBROOK ST",0
"3500","SHERIDAN ST",0
"3501","SHERMAN RD",0
"3502","SHERMAN ST",0
"3503","SHERRIN ST",0
"3504","SHERWOOD ST",0
"3505","SHETLAND ST",0
"3506","SHIPWAY PL",0
"3507","SHIRLEY ST",0
"3508","SHORT ST",0
"3509","SHORT ST PL",0
"3510","SIDLAW RD",12
"3511","SIERRA RD",0
"3512","SIGOURNEY ST",0
"3513","SILLOWAY ST",0
"3514","SILVER PL",0
"3515","SILVER ST",0
"3516","SILVIA CT",0
"3517","SINCLAIR RD",2
"3518","SLAYTON WAY",0
"3519","SLAYTON WY",0
"3520","SLEEPER ST",0
"3521","SLOCUM RD",0
"3522","SMITH CT",0
"3523","SMITH ST",0
"3524","SMITHFIELD RD",0
"3525","SNELLING PL",0
"3526","SNOW HILL ST",0
"3527","SNOW ST",5
"3528","SNOWDEN WAY",0
"3529","SOJOURNER TRUTH CT",0
"3530","SOLARIS RD",0
"3531","SOLDIERS FIELD PARK",1
"3532","SOLDIERS FIELD PL",2
"3533","SOLDIERS FIELD RD",68
"3534","SOLEY ST",0
"3535","SOMERSET ST",0
"3536","SONOMA ST",0
"3537","SORRENTO ST",2
"3538","SOUTH POINT DR",0
"3539","SOUTH ST",19
"3540","SOUTH STATION",0
"3541","SOUTH STREET",3
"3542","SOUTHAMPTON ST",0
"3543","SOUTHBOURNE RD",0
"3544","SOUTHEAST EY",0
"3545","SOUTHER RD",0
"3546","SOUTHERN AV",0
"3547","SOUTHERN AVE",0
"3548","SOUTHMERE RD",0
"3549","SOUTHWICK ST",0
"3550","SOUTHWOOD ST",0
"3551","SPALDING ST",0
"3552","SPARHAWK ST",12
"3553","SPARROW ST",0
"3554","SPAULDING ST",0
"3555","SPEARE PL",0
"3556","SPECTACLE ISLAND",0
"3557","SPEEDWELL ST",0
"3558","SPENCER ST",0
"3559","SPICE ST",0
"3560","SPOFFORD RD",6
"3561","SPRAGUE ST",0
"3562","SPRING CT",0
"3563","SPRING GARDEN ST",0
"3564","SPRING HILL RD",0
"3565","SPRING PARK AV",0
"3566","SPRING PARK AVE",0
"3567","SPRING RD",0
"3568","SPRING ST",0
"3569","SPRING VALLEY RD",0
"3570","SPRINGDALE ST",0
"3571","SPRINGER ST",0
"3572","SPRUCE CT",0
"3573","SPRUCE PL",0
"3574","SPRUCE ST",0
"3575","SPURR ST",0
"3576","ST ALBANS RD",0
"3577","ST ALPHONSUS ST",0
"3578","ST ANDREW RD",0
"3579","ST ANN ST",0
"3580","ST BOTOLPH ST",0
"3581","ST BRENDAN RD",0
"3582","ST CASIMIR",0
"3583","ST CECELIA ST",0
"3584","ST CHARLES ST",0
"3585","ST CLARE RD",0
"3586","ST CYPRIANS PL",0
"3587","ST EDWARD RD",0
"3588","ST GEORGE ST",0
"3589","ST GERMAIN ST",0
"3590","ST GREGORY ST",0
"3591","ST JAMES AV",0
"3592","ST JAMES PL",0
"3593","ST JAMES ST",0
"3594","ST JAMES TR",0
"3595","ST JOHN ST",0
"3596","ST JOSEPH ST",0
"3597","ST LUKES RD",20
"3598","ST MARGARET ST",0
"3599","ST MARK ST",0
"3600","ST MARKS RD",0
"3601","ST MARTIN ST",0
"3602","ST MARYS ST",0
"3603","ST PETER ST",0
"3604","ST RICHARD ST",0
"3605","ST ROSE ST",0
"3606","ST STEPHEN ST",0
"3607","ST THERESA AV",0
"3608","ST THOMAS MORE RD",12
"3609","ST WILLIAM ST",0
"3610","ST. ALPHONSUS ST",0
"3611","STAFFORD ST",0
"3612","STANBRO ST",0
"3613","STANDARD ST",0
"3614","STANDISH ST",0
"3615","STANHOPE ST",0
"3616","STANIFORD ST",0
"3617","STANLEY ST",0
"3618","STANTON ST",0
"3619","STANWOOD ST",0
"3620","STANWOOD TR",0
"3621","STARBIRD AV",0
"3622","STARR KING CT",0
"3623","STARR LA",0
"3624","STARR LN",0
"3625","STATE ST",0
"3626","STATION ST",0
"3627","STEARNS RD",0
"3628","STEDMAN ST",0
"3629","STELLA RD",0
"3630","STELLMAN RD",0
"3631","STERLING SQ",0
"3632","STILLINGS ST",0
"3633","STILLMAN PL",0
"3634","STILLMAN ST",0
"3635","STIMSON RD",0
"3636","STIMSON ST",0
"3637","STOCK ST",0
"3638","STOCKTON ST",0
"3639","STOCKWELL ST",0
"3640","STONECREST RD",0
"3641","STONEHILL RD",0
"3642","STONEHILL TR",0
"3643","STONEHOLM ST",0
"3644","STONEHURST ST",0
"3645","STOREY PL",0
"3646","STORROW DR",0
"3647","STORY ST",0
"3648","STOUGHTON PL",0
"3649","STOUGHTON ST",0
"3650","STOUGHTON ST PL",0
"3651","STOW RD",0
"3652","STRATFORD ST",0
"3653","STRATHCONA RD",0
"3654","STRATHMORE RD",45
"3655","STRATTON ST",0
"3656","STRONG PL",0
"3657","STUART ST",0
"3658","STURBRIDGE ST",0
"3659","STURGES RD",0
"3660","STURTEVANT ST",0
"3661","SUDAN ST",0
"3662","SUDBURY ST",0
"3663","SUFFOLK PL",0
"3664","SULLIVAN SQ",0
"3665","SULLIVAN ST",0
"3666","SULLIVAN WY",0
"3667","SUMMER AV",0
"3668","SUMMER ST",0
"3669","SUMMER ST CT",0
"3670","SUMMIT AV",14
"3671","SUMMIT AVE",2
"3672","SUMMIT CR",0
"3673","SUMMIT ST",0
"3674","SUMNER AV",0
"3675","SUMNER PARK",0
"3676","SUMNER PL",0
"3677","SUMNER SQ",0
"3678","SUMNER ST",0
"3679","SUMNER TR",0
"3680","SUNCREST RD",0
"3681","SUNDERLAND ST",0
"3682","SUNNYBANK RD",0
"3683","SUNNYSIDE ST",0
"3684","SUNSET AV",0
"3685","SUNSET HILL RD",0
"3686","SUNSET LA",0
"3687","SUNSET ST",0
"3688","SUPPLE RD",0
"3689","SURFACE RD",0
"3690","SURREY ST",13
"3691","SUSSEX ST",0
"3692","SUTHERLAND RD",33
"3693","SUTTON ST",0
"3694","SWALLOW ST",0
"3695","SWAN AVE",0
"3696","SWAN CT",0
"3697","SWAN ST",0
"3698","SWIFT ST",0
"3699","SWIFT TER",0
"3700","SWIFT TR",0
"3701","SYCAMORE ST",0
"3702","SYDNEY ST",0
"3703","SYLVESTER RD",0
"3704","SYLVIA ST",0
"3705","SYMMES ST",0
"3706","SYMPHONY RD",0
"3707","TABER ST",0
"3708","TACOMA ST",0
"3709","TAFT HILL PARK",0
"3710","TAFT HILL TR",0
"3711","TAFT ST",0
"3712","TAFTHILL TR",0
"3713","TAFTS AV",0
"3714","TAI TUNG ST",0
"3715","TALBOT AV",0
"3716","TALBOT AVE",0
"3717","TALBOT PL",0
"3718","TAMPA ST",0
"3719","TAMWORTH ST",0
"3720","TAPPAN ST",0
"3721","TARA DR",0
"3722","TARA RD",0
"3723","TARLETON RD",0
"3724","TAUNTON AV",0
"3725","TAUNTON AVE",0
"3726","TAYLOR ST",0
"3727","TEBROC ST",0
"3728","TELEGRAPH ST",0
"3729","TELFORD ST",1
"3730","TEMPLE PL",0
"3731","TEMPLE ST",0
"3732","TEMPLETON WY",0
"3733","TENEAN ST",0
"3734","TENNIS RD",0
"3735","TENNYSON ST",0
"3736","TERAGRAM ST",0
"3737","TERMINAL RD",0
"3738","TERMINAL ST",0
"3739","TERRACE PL",0
"3740","TERRACE ST",0
"3741","TERRY RING WAY",0
"3742","TERRY RING WY",0
"3743","TESLA ST",0
"3744","TETLOW ST",0
"3745","THACHER CT",0
"3746","THACHER ST",0
"3747","THANE ST",0
"3748","THATCHER ST",0
"3749","THAYER ST",0
"3750","THELMA RD",0
"3751","THEODORE PARKER RD",0
"3752","THEODORE ST",0
"3753","THETFORD AV",0
"3754","THETFORD AVE",0
"3755","THIRD AVE",0
"3756","THIRTEENTH ST",0
"3757","THOMAS PARK",0
"3758","THOMAS ST",0
"3759","THOMPSON SQ",0
"3760","THOMPSON ST",0
"3761","THOMPSONS ISLAND",0
"3762","THOMSON PL",0
"3763","THOREAU PA",0
"3764","THORN ST",0
"3765","THORNDIKE ST",0
"3766","THORNLEY ST",0
"3767","THORNTON ST",0
"3768","THURSTON ST",0
"3769","THWING ST",0
"3770","TIBBETT'S TOWN",0
"3771","TIBBETTS TOWN WY",0
"3772","TICKNOR ST",0
"3773","TIDE ST",0
"3774","TILESBORO ST",0
"3775","TILESTON ST",0
"3776","TILMAN ST",0
"3777","TINA AV",0
"3778","TIP TOP ST",2
"3779","TIVERTON RD",0
"3780","TOBIN RD",0
"3781","TOLEDO TR",0
"3782","TOLMAN ST",0
"3783","TOMASELLO RD",0
"3784","TONAWANDA ST",0
"3785","TOPALIAN ST",0
"3786","TOPEKA ST",0
"3787","TOPLIFF ST",0
"3788","TORREY ST",0
"3789","TOVAR ST",0
"3790","TOWER ST",0
"3791","TOWN ST",0
"3792","TOWNSEND ST",0
"3793","TRACTON AV",0
"3794","TRAIN ST",0
"3795","TRANSIT ST",0
"3796","TRAPELO ST",3
"3797","TRASK ST",0
"3798","TRAVELER ST",0
"3799","TRAVIS ST",1
"3800","TREADWAY RD",0
"3801","TREMLETT ST",0
"3802","TREMONT",0
"3803","TREMONT IN THE SOUTH END",0
"3804","TREMONT PL",1
"3805","TREMONT ST",47
"3806","TRENT ST",0
"3807","TRENTON ST",0
"3808","TRESCOTT ST",0
"3809","TRIDENT ST",0
"3810","TRINITY PL",0
"3811","TRINITY TER",0
"3812","TRINITY TERRACE",0
"3813","TROTTER CT",0
"3814","TRULL ST",0
"3815","TRUMAN PKWY",0
"3816","TRUMAN PY",0
"3817","TRUSTMAN TR",0
"3818","TUCKER ST",0
"3819","TUCKERMAN ST",0
"3820","TUDOR ST",0
"3821","TUFTS ST",0
"3822","TUPELO ST",0
"3823","TURNER ST",8
"3824","TURQUOISE WAY",0
"3825","TURTLE POND PKWY",0
"3826","TURTLE POND PY",0
"3827","TUTTLE ST",0
"3828","TWOMEY CT",0
"3829","TYLER ST",0
"3830","TYNDALE ST",0
"3831","UKRAINE WY",0
"3832","UNDINE RD",5
"3833","UNION AV",0
"3834","UNION AVE",0
"3835","UNION PARK",0
"3836","UNION PARK ST",0
"3837","UNION ST",17
"3838","UNION WHARF",0
"3839","UNION WHRF",0
"3840","UNITY CT",0
"3841","UNITY ST",0
"3842","UNITY WAY",0
"3843","UPCREST RD",2
"3844","UPHAM AV",0
"3845","UPHAM AVE",0
"3846","UPHAMS CT",0
"3847","UPLAND AV",0
"3848","UPTON ST",0
"3849","UTICA PL",0
"3850","UTICA ST",0
"3851","VALARRO RD",0
"3852","VALE ST",0
"3853","VALENCIA RD",0
"3854","VALENTINE ST",0
"3855","VALLAR RD",0
"3856","VALLARO RD",0
"3857","VALLEY RD",0
"3858","VAN BRUNT ST",0
"3859","VAN NESS ST",0
"3860","VAN WINKLE ST",0
"3861","VANCOUVER ST",0
"3862","VARICK RD",0
"3863","VARNEY ST",0
"3864","VASSAR ST",0
"3865","VAUGHAN AV",0
"3866","VENTURA ST",0
"3867","VERA ST",0
"3868","VERDUN ST",0
"3869","VERMONT ST",0
"3870","VERNDALE ST",0
"3871","VERNON ST",0
"3872","VERONA ST",0
"3873","VERRILL ST",0
"3874","VERSHIRE ST",0
"3875","VESTA RD",0
"3876","VFW PKWY",0
"3877","VFW PY",0
"3878","VICKSBURG ST",0
"3879","VICTOR ST",0
"3880","VICTORIA HEIGHTS RD",0
"3881","VICTORIA ST",0
"3882","VICTORY RD",0
"3883","VIENNA ST",0
"3884","VIEW SOUTH AV",0
"3885","VIKING ST",0
"3886","VIKING TR",0
"3887","VILLAGE CT",0
"3888","VINAL ST",8
"3889","VINCENT RD",0
"3890","VINE AV",0
"3891","VINE ST",0
"3892","VINELAND ST",12
"3893","VINING ST",0
"3894","VINSON ST",0
"3895","VINTON ST",0
"3896","VIOLANTE ST",0
"3897","VIOLET ST",0
"3898","VIRGIL RD",0
"3899","VIRGINIA ST",0
"3900","VISCONTI RD",0
"3901","VISTA ST",0
"3902","VOGEL ST",0
"3903","VON HILLERN ST",0
"3904","W 1ST ST",0
"3905","W 2ND ST",0
"3906","W 3RD ST",0
"3907","W 4TH ST",0
"3908","W 5TH ST",0
"3909","W 6TH ST",0
"3910","W 7TH ST",0
"3911","W 9TH ST",0
"3912","W BELLFLOWER ST",0
"3913","W BOUNDARY RD",0
"3914","W BROADWAY",0
"3915","W BROOKLINE ST",0
"3916","W CANTON ST",0
"3917","W CEDAR ST",0
"3918","W CONCORD ST",0
"3919","W COTTAGE ST",0
"3920","W DEDHAM ST",0
"3921","W EAGLE ST",0
"3922","W EIGHTH ST",0
"3923","W FIFTH ST",0
"3924","W FIRST ST",0
"3925","W FOURTH ST",0
"3926","W HOWELL ST",0
"3927","W MAIN ST",0
"3928","W MILTON ST",0
"3929","W NEWTON ST",0
"3930","W NINTH ST",0
"3931","W PARK ST",0
"3932","W ROXBURY PY",0
"3933","W RUTLAND SQ",0
"3934","W SCHOOL ST",0
"3935","W SECOND ST",0
"3936","W SELDEN ST",0
"3937","W SEVENTH ST",0
"3938","W SIXTH ST",0
"3939","W SORRENTO ST",1
"3940","W SPRINGFIELD ST",0
"3941","W THIRD ST",0
"3942","W TREMLETT ST",0
"3943","W WALNUT PARK",0
"3944","WABASH ST",0
"3945","WABENO ST",0
"3946","WABON ST",0
"3947","WACHUSETT ST",0
"3948","WADE ST",2
"3949","WADLEIGH PL",0
"3950","WADSWORTH ST",8
"3951","WAINWRIGHT ST",0
"3952","WAIT ST",0
"3953","WAKEFIELD AV",0
"3954","WAKULLAH ST",0
"3955","WALBRIDGE ST",7
"3956","WALDECK ST",0
"3957","WALDEMAR AV",0
"3958","WALDEMAR AVE",0
"3959","WALDEN ST",0
"3960","WALDORF ST",0
"3961","WALDREN RD",0
"3962","WALES ST",0
"3963","WALFORD WAY",0
"3964","WALFORD WY",0
"3965","WALK HILL ST",0
"3966","WALKER ST",0
"3967","WALL ST",0
"3968","WALLACE CT",0
"3969","WALLACE PARK",0
"3970","WALLEY ST",0
"3971","WALLINGFORD RD",24
"3972","WALNUT",0
"3973","WALNUT AV",0
"3974","WALNUT AVE",0
"3975","WALNUT CT",0
"3976","WALNUT ENTRANCE",0
"3977","WALNUT PARK",0
"3978","WALNUT RD",0
"3979","WALNUT ST",0
"3980","WALTER ST",0
"3981","WALTHAM ST",0
"3982","WALTON ST",0
"3983","WALWORTH ST",0
"3984","WARD CT",0
"3985","WARD ST",0
"3986","WARD WAY",0
"3987","WARDMAN RD",0
"3988","WARE ST",0
"3989","WAREHAM ST",0
"3990","WARNER ST",0
"3991","WARREN AV",3
"3992","WARREN AVE",0
"3993","WARREN PL",0
"3994","WARREN SQ",0
"3995","WARREN ST",142
"3996","WARRENTON PL",0
"3997","WARRENTON ST",0
"3998","WARWICK ST",0
"3999","WASHBURN ST",1
"4000","WASHINGTON",0
"4001","WASHINGTON AV",0
"4002","WASHINGTON MALL",0
"4003","WASHINGTON PL",0
"4004","WASHINGTON SQ",0
"4005","WASHINGTON ST",439
"4006","WASHINGTON ST PL",0
"4007","WATER ST",0
"4008","WATERLOO ST",0
"4009","WATERLOW ST",0
"4010","WATERMAN RD",0
"4011","WAUMBECK ST",0
"4012","WAVE AV",0
"4013","WAVERLY PL",0
"4014","WAVERLY ST",14
"4015","WAYBURN RD",0
"4016","WAYLAND ST",0
"4017","WAYNE ST",0
"4018","WEAVER CT",0
"4019","WEAVER WAY",0
"4020","WEAVER WY",0
"4021","WEBBER ST",0
"4022","WEBLEY ST",5
"4023","WEBSTER AV",0
"4024","WEBSTER PL",0
"4025","WEBSTER ST",0
"4026","WEDGEMERE RD",0
"4027","WEDGEWOOD RD",0
"4028","WEEKS AV",0
"4029","WEITZ ST",6
"4030","WELD AV",0
"4031","WELD HILL ST",0
"4032","WELD ST",0
"4033","WELDON ST",0
"4034","WELLES AV",0
"4035","WELLES AVE",0
"4036","WELLESLEY PARK",0
"4037","WELLINGTON CT",0
"4038","WELLINGTON HILL",0
"4039","WELLINGTON HILL ST",0
"4040","WELLINGTON ST",0
"4041","WELLSMERE PARK",0
"4042","WELLSMERE RD",0
"4043","WELLSMERE TR",0
"4044","WELTON RD",0
"4045","WENDELL PL",0
"4046","WENDELL ST",0
"4047","WENDELLER ST",0
"4048","WENDOVER ST",0
"4049","WENHAM ST",0
"4050","WENLOCK RD",0
"4051","WENONAH ST",0
"4052","WENSLEY ST",0
"4053","WENTWORTH ST",0
"4054","WENTWORTH TR",0
"4055","WESLEY ST",0
"4056","WESLEYAN PL",0
"4057","WESSEX ST",0
"4058","WEST ST",0
"4059","WESTBOURNE ST",0
"4060","WESTBOURNE TR",0
"4061","WESTBROOK ST",0
"4062","WESTCHESTER RD",0
"4063","WESTCOTT ST",0
"4064","WESTERLY ST",0
"4065","WESTERN AV",94
"4066","WESTERN AVE",4
"4067","WESTFORD PL",1
"4068","WESTFORD ST",2
"4069","WESTGATE RD",0
"4070","WESTGLOW ST",0
"4071","WESTINGHOUSE PLAZA",0
"4072","WESTINGHOUSE PLZ",0
"4073","WESTLAND",0
"4074","WESTLAND AV",0
"4075","WESTLAND AVE",0
"4076","WESTMINSTER AV",0
"4077","WESTMINSTER AVE",0
"4078","WESTMINSTER CT",0
"4079","WESTMINSTER ST",0
"4080","WESTMINSTER TR",0
"4081","WESTMOOR RD",0
"4082","WESTMOOR TR",0
"4083","WESTMORE RD",0
"4084","WESTMORELAND ST",0
"4085","WESTMOUNT AV",0
"4086","WESTOVER ST",0
"4087","WESTVIEW ST",0
"4088","WESTVIEW WAY",0
"4089","WESTVIEW WY",0
"4090","WESTVILLE ST",0
"4091","WESTVILLE TER",0
"4092","WESTVILLE TR",0
"4093","WESTWIND CT",0
"4094","WESTWIND RD",0
"4095","WESTWOOD ST",0
"4096","WEYANOKE ST",0
"4097","WEYBOSSET ST",0
"4098","WEYMOUTH AV",0
"4099","WHARF ST",0
"4100","WHARTON CT",0
"4101","WHEATLAND AV",0
"4102","WHEATLAND AVE",0
"4103","WHEATLEY WAY",0
"4104","WHEATLEY WY",0
"4105","WHEELOCK AV",0
"4106","WHIPPLE AV",0
"4107","WHIPPLE ST",0
"4108","WHITBY ST",0
"4109","WHITBY TR",0
"4110","WHITCOMB AV",0
"4111","WHITCOMB AVE",0
"4112","WHITE OAK RD",0
"4113","WHITE ST",0
"4114","WHITE ST PL",0
"4115","WHITFIELD ST",0
"4116","WHITFORD ST",0
"4117","WHITING ST",0
"4118","WHITMAN ST",0
"4119","WHITRIDGE ST",0
"4120","WHITTEMORE ST",0
"4121","WHITTEMORE TER",0
"4122","WHITTEMORE TR",0
"4123","WHITTEN ST",0
"4124","WHITTIER PL",0
"4125","WHITTIER ST",0
"4126","WICHITA TR",0
"4127","WIDETT CR",0
"4128","WIGET ST",0
"4129","WIGGLESWORTH ST",0
"4130","WILBERT CR",0
"4131","WILBERT RD",0
"4132","WILBUR ST",0
"4133","WILCOCK ST",0
"4134","WILDER ST",0
"4135","WILDWOOD ST",0
"4136","WILKINS PL",0
"4137","WILKINSON PARK",0
"4138","WILLERS ST",0
"4139","WILLIAM CARDINAL O'CONNEL",0
"4140","WILLIAM DAY BL",0
"4141","WILLIAM F MCCLELLAN HWY",0
"4142","WILLIAM J DAY BLVD",0
"4143","WILLIAM JACKSON AV",1
"4144","WILLIAM T MORRISSEY BLVD",0
"4145","WILLIAMS AV",0
"4146","WILLIAMS AVE",0
"4147","WILLIAMS SQ",0
"4148","WILLIAMS ST",0
"4149","WILLIS ST",0
"4150","WILLOUGHBY PL",0
"4151","WILLOUGHBY ST",3
"4152","WILLOW CT",0
"4153","WILLOW POND RD",0
"4154","WILLOW ST",0
"4155","WILLOW TR",0
"4156","WILLOWDEAN AV",0
"4157","WILLOWWOOD ST",0
"4158","WILMINGTON AV",0
"4159","WILMINGTON AVE",0
"4160","WILMORE ST",0
"4161","WILMOT ST",0
"4162","WILROSE ST",0
"4163","WILSON PARK",6
"4164","WILSON ST",0
"4165","WILTON ST",2
"4166","WILTSHIRE RD",2
"4167","WINBOROUGH ST",0
"4168","WINCHESTER ST",0
"4169","WINDERMERE RD",0
"4170","WINDHAM RD",0
"4171","WINDOM ST",4
"4172","WINDSLOW",0
"4173","WINDSOR ST",0
"4174","WINFIELD ST",0
"4175","WINSHIP PL",2
"4176","WINSHIP ST",23
"4177","WINSLOW AVE",0
"4178","WINSLOW ST",0
"4179","WINSTON RD",0
"4180","WINTER PL",0
"4181","WINTER ST",0
"4182","WINTHROP LA",0
"4183","WINTHROP LN",0
"4184","WINTHROP SQ",0
"4185","WINTHROP ST",0
"4186","WINTON ST",0
"4187","WIRT ST",0
"4188","WISE ST",0
"4189","WITHINGTON ST",0
"4190","WODSWORTH ST",0
"4191","WOLCOTT CT",0
"4192","WOLCOTT SQ",0
"4193","WOLCOTT ST",0
"4194","WOLFE ST",0
"4195","WOLLASTON TR",0
"4196","WOOD AV",0
"4197","WOOD AVE",0
"4198","WOOD ST",0
"4199","WOODALE AV",0
"4200","WOODARD RD",0
"4201","WOODBINE ST",0
"4202","WOODBOLE AV",0
"4203","WOODBOLE AVE",0
"4204","WOODBOURNE RD",0
"4205","WOODBRIER RD",0
"4206","WOODCLIFF ST",0
"4207","WOODDALE AVE",0
"4208","WOODFIELD ST",0
"4209","WOODFORD ST",0
"4210","WOODGATE ST",0
"4211","WOODGLEN RD",0
"4212","WOODHAVEN ST",0
"4213","WOODLAND RD",0
"4214","WOODLAWN ST",0
"4215","WOODLEDGE ST",0
"4216","WOODLEY AV",0
"4217","WOODLEY AVE",0
"4218","WOODMAN ST",0
"4219","WOODMERE ST",0
"4220","WOODMONT ST",1
"4221","WOODROW AV",0
"4222","WOODROW AVE",0
"4223","WOODRUFF WAY",0
"4224","WOODRUFF WY",0
"4225","WOODS PL",0
"4226","WOODSIDE AV",0
"4227","WOODSTOCK AV",12
"4228","WOODSTOCK AVE",0
"4229","WOODVILLE PARK",0
"4230","WOODVILLE ST",0
"4231","WOODWARD AV",0
"4232","WOODWARD AVE",0
"4233","WOODWARD PARK",0
"4234","WOODWARD PARK ST",0
"4235","WOODWARD PL",0
"4236","WOODWARD ST",0
"4237","WOODWORTH ST",0
"4238","WOOLSON ST",0
"4239","WORCESTER SQ",0
"4240","WORCESTER ST",0
"4241","WORDSWORTH ST",0
"4242","WORLEY ST",0
"4243","WORMWOOD ST",0
"4244","WORRELL ST",0
"4245","WORTHINGTON ST",0
"4246","WREN ST",0
"4247","WRENTHAM ST",0
"4248","WRP",0
"4249","WYCLIFF AV",0
"4250","WYCLIFF AVE",0
"4251","WYMAN PL",0
"4252","WYMAN ST",0
"4253","WYOLA PL",0
"4254","WYOMING ST",0
"4255","WYVERN ST",0
"4256","YALE TER",0
"4257","YALE TR",0
"4258","YARMOUTH PL",0
"4259","YARMOUTH ST",0
"4260","YAWKEY WAY",0
"4261","YAWKEY WY",0
"4262","YEOMAN PL",0
"4263","YORK ST",0
"4264","YORKTOWN ST",0
"4265","YUILL CR",0
"4266","YULETIDE RD",0
"4267","ZAMORA CT",0
"4268","ZAMORA ST",0
"4269","ZEIGLER PL",0
"4270","ZEIGLER ST",0
"4271","ZELLER ST",0
